Time_s,Load_kW,P_grid_kW,P_bat_kW,A_window_kW,P_req_kW,en,comm,alarm
0.000,200.000,200.000,0.000,200.000,0.000,1,0,0
0.100,200.000,200.000,0.000,200.000,0.000,1,0,0
0.200,200.000,200.000,0.000,200.000,0.000,1,0,0
0.300,200.000,200.000,0.000,200.000,0.000,1,0,0
0.400,200.000,200.000,0.000,200.000,0.000,1,0,0
0.500,200.000,200.000,0.000,200.000,0.000,1,0,0
0.600,200.000,200.000,0.000,200.000,0.000,1,0,0
0.700,200.000,200.000,0.000,200.000,0.000,1,0,0
0.800,200.000,200.000,0.000,200.000,0.000,1,0,0
0.900,200.000,200.000,0.000,200.000,0.000,1,0,0
1.000,200.000,200.000,0.000,200.000,0.000,1,0,0
1.100,200.000,200.000,0.000,200.000,0.000,1,0,0
1.200,200.000,200.000,0.000,200.000,0.000,1,0,0
1.300,200.000,200.000,0.000,200.000,0.000,1,0,0
1.400,200.000,200.000,0.000,200.000,0.000,1,0,0
1.500,200.000,200.000,0.000,200.000,0.000,1,0,0
1.600,200.000,200.000,0.000,200.000,0.000,1,0,0
1.700,200.000,200.000,0.000,200.000,0.000,1,0,0
1.800,200.000,200.000,0.000,200.000,0.000,1,0,0
1.900,200.000,200.000,0.000,200.000,0.000,1,0,0
2.000,200.000,200.000,0.000,200.000,0.000,1,0,0
2.100,200.000,200.000,0.000,200.000,0.000,1,0,0
2.200,200.000,200.000,0.000,200.000,0.000,1,0,0
2.300,200.000,200.000,0.000,200.000,0.000,1,0,0
2.400,200.000,200.000,0.000,200.000,0.000,1,0,0
2.500,200.000,200.000,0.000,200.000,0.000,1,0,0
2.600,200.000,200.000,0.000,200.000,0.000,1,0,0
2.700,200.000,200.000,0.000,200.000,0.000,1,0,0
2.800,200.000,200.000,0.000,200.000,0.000,1,0,0
2.900,200.000,200.000,0.000,200.000,0.000,1,0,0
3.000,200.000,200.000,0.000,200.000,0.000,1,0,0
3.100,200.000,200.000,0.000,200.000,0.000,1,0,0
3.200,200.000,200.000,0.000,200.000,0.000,1,0,0
3.300,200.000,200.000,0.000,200.000,0.000,1,0,0
3.400,200.000,200.000,0.000,200.000,0.000,1,0,0
3.500,200.000,200.000,0.000,200.000,0.000,1,0,0
3.600,200.000,200.000,0.000,200.000,0.000,1,0,0
3.700,200.000,200.000,0.000,200.000,0.000,1,0,0
3.800,200.000,200.000,0.000,200.000,0.000,1,0,0
3.900,200.000,200.000,0.000,200.000,0.000,1,0,0
4.000,200.000,200.000,0.000,200.000,0.000,1,0,0
4.100,200.000,200.000,0.000,200.000,0.000,1,0,0
4.200,200.000,200.000,0.000,200.000,0.000,1,0,0
4.300,200.000,200.000,0.000,200.000,0.000,1,0,0
4.400,200.000,200.000,0.000,200.000,0.000,1,0,0
4.500,200.000,200.000,0.000,200.000,0.000,1,0,0
4.600,200.000,200.000,0.000,200.000,0.000,1,0,0
4.700,200.000,200.000,0.000,200.000,0.000,1,0,0
4.800,200.000,200.000,0.000,200.000,0.000,1,0,0
4.900,200.000,200.000,0.000,200.000,0.000,1,0,0
5.000,200.000,200.000,0.000,200.000,0.000,1,0,0
5.100,200.000,200.000,0.000,200.000,0.000,1,0,0
5.200,200.000,200.000,0.000,200.000,0.000,1,0,0
5.300,200.000,200.000,0.000,200.000,0.000,1,0,0
5.400,200.000,200.000,0.000,200.000,0.000,1,0,0
5.500,200.000,200.000,0.000,200.000,0.000,1,0,0
5.600,200.000,200.000,0.000,200.000,0.000,1,0,0
5.700,200.000,200.000,0.000,200.000,0.000,1,0,0
5.800,200.000,200.000,0.000,200.000,0.000,1,0,0
5.900,200.000,200.000,0.000,200.000,0.000,1,0,0
6.000,200.000,200.000,0.000,200.000,0.000,1,0,0
6.100,200.000,200.000,0.000,200.000,0.000,1,0,0
6.200,200.000,200.000,0.000,200.000,0.000,1,0,0
6.300,200.000,200.000,0.000,200.000,0.000,1,0,0
6.400,200.000,200.000,0.000,200.000,0.000,1,0,0
6.500,200.000,200.000,0.000,200.000,0.000,1,0,0
6.600,200.000,200.000,0.000,200.000,0.000,1,0,0
6.700,200.000,200.000,0.000,200.000,0.000,1,0,0
6.800,200.000,200.000,0.000,200.000,0.000,1,0,0
6.900,200.000,200.000,0.000,200.000,0.000,1,0,0
7.000,200.000,200.000,0.000,200.000,0.000,1,0,0
7.100,200.000,200.000,0.000,200.000,0.000,1,0,0
7.200,200.000,200.000,0.000,200.000,0.000,1,0,0
7.300,200.000,200.000,0.000,200.000,0.000,1,0,0
7.400,200.000,200.000,0.000,200.000,0.000,1,0,0
7.500,200.000,200.000,0.000,200.000,0.000,1,0,0
7.600,200.000,200.000,0.000,200.000,0.000,1,0,0
7.700,200.000,200.000,0.000,200.000,0.000,1,0,0
7.800,200.000,200.000,0.000,200.000,0.000,1,0,0
7.900,200.000,200.000,0.000,200.000,0.000,1,0,0
8.000,200.000,200.000,0.000,200.000,0.000,1,0,0
8.100,200.000,200.000,0.000,200.000,0.000,1,0,0
8.200,200.000,200.000,0.000,200.000,0.000,1,0,0
8.300,200.000,200.000,0.000,200.000,0.000,1,0,0
8.400,200.000,200.000,0.000,200.000,0.000,1,0,0
8.500,200.000,200.000,0.000,200.000,0.000,1,0,0
8.600,200.000,200.000,0.000,200.000,0.000,1,0,0
8.700,200.000,200.000,0.000,200.000,0.000,1,0,0
8.800,200.000,200.000,0.000,200.000,0.000,1,0,0
8.900,200.000,200.000,0.000,200.000,0.000,1,0,0
9.000,200.000,200.000,0.000,200.000,0.000,1,0,0
9.100,200.000,200.000,0.000,200.000,0.000,1,0,0
9.200,200.000,200.000,0.000,200.000,0.000,1,0,0
9.300,200.000,200.000,0.000,200.000,0.000,1,0,0
9.400,200.000,200.000,0.000,200.000,0.000,1,0,0
9.500,200.000,200.000,0.000,200.000,0.000,1,0,0
9.600,200.000,200.000,0.000,200.000,0.000,1,0,0
9.700,200.000,200.000,0.000,200.000,0.000,1,0,0
9.800,200.000,200.000,0.000,200.000,0.000,1,0,0
9.900,200.000,200.000,0.000,200.000,0.000,1,0,0
10.000,200.000,200.000,0.000,200.000,0.000,1,0,0
10.100,200.000,200.000,0.000,200.000,0.000,1,0,0
10.200,200.000,200.000,0.000,200.000,0.000,1,0,0
10.300,200.000,200.000,0.000,200.000,0.000,1,0,0
10.400,200.000,200.000,0.000,200.000,0.000,1,0,0
10.500,200.000,200.000,0.000,200.000,0.000,1,0,0
10.600,200.000,200.000,0.000,200.000,0.000,1,0,0
10.700,200.000,200.000,0.000,200.000,0.000,1,0,0
10.800,200.000,200.000,0.000,200.000,0.000,1,0,0
10.900,200.000,200.000,0.000,200.000,0.000,1,0,0
11.000,200.000,200.000,0.000,200.000,0.000,1,0,0
11.100,200.000,200.000,0.000,200.000,0.000,1,0,0
11.200,200.000,200.000,0.000,200.000,0.000,1,0,0
11.300,200.000,200.000,0.000,200.000,0.000,1,0,0
11.400,200.000,200.000,0.000,200.000,0.000,1,0,0
11.500,200.000,200.000,0.000,200.000,0.000,1,0,0
11.600,200.000,200.000,0.000,200.000,0.000,1,0,0
11.700,200.000,200.000,0.000,200.000,0.000,1,0,0
11.800,200.000,200.000,0.000,200.000,0.000,1,0,0
11.900,200.000,200.000,0.000,200.000,0.000,1,0,0
12.000,200.000,200.000,0.000,200.000,0.000,1,0,0
12.100,200.000,200.000,0.000,200.000,0.000,1,0,0
12.200,200.000,200.000,0.000,200.000,0.000,1,0,0
12.300,200.000,200.000,0.000,200.000,0.000,1,0,0
12.400,200.000,200.000,0.000,200.000,0.000,1,0,0
12.500,200.000,200.000,0.000,200.000,0.000,1,0,0
12.600,200.000,200.000,0.000,200.000,0.000,1,0,0
12.700,200.000,200.000,0.000,200.000,0.000,1,0,0
12.800,200.000,200.000,0.000,200.000,0.000,1,0,0
12.900,200.000,200.000,0.000,200.000,0.000,1,0,0
13.000,200.000,200.000,0.000,200.000,0.000,1,0,0
13.100,200.000,200.000,0.000,200.000,0.000,1,0,0
13.200,200.000,200.000,0.000,200.000,0.000,1,0,0
13.300,200.000,200.000,0.000,200.000,0.000,1,0,0
13.400,200.000,200.000,0.000,200.000,0.000,1,0,0
13.500,200.000,200.000,0.000,200.000,0.000,1,0,0
13.600,200.000,200.000,0.000,200.000,0.000,1,0,0
13.700,200.000,200.000,0.000,200.000,0.000,1,0,0
13.800,200.000,200.000,0.000,200.000,0.000,1,0,0
13.900,200.000,200.000,0.000,200.000,0.000,1,0,0
14.000,200.000,200.000,0.000,200.000,0.000,1,0,0
14.100,200.000,200.000,0.000,200.000,0.000,1,0,0
14.200,200.000,200.000,0.000,200.000,0.000,1,0,0
14.300,200.000,200.000,0.000,200.000,0.000,1,0,0
14.400,200.000,200.000,0.000,200.000,0.000,1,0,0
14.500,200.000,200.000,0.000,200.000,0.000,1,0,0
14.600,200.000,200.000,0.000,200.000,0.000,1,0,0
14.700,200.000,200.000,0.000,200.000,0.000,1,0,0
14.800,200.000,200.000,0.000,200.000,0.000,1,0,0
14.900,200.000,200.000,0.000,200.000,0.000,1,0,0
15.000,200.000,200.000,0.000,200.000,0.000,1,0,0
15.100,200.000,200.000,0.000,200.000,0.000,1,0,0
15.200,200.000,200.000,0.000,200.000,0.000,1,0,0
15.300,200.000,200.000,0.000,200.000,0.000,1,0,0
15.400,200.000,200.000,0.000,200.000,0.000,1,0,0
15.500,200.000,200.000,0.000,200.000,0.000,1,0,0
15.600,200.000,200.000,0.000,200.000,0.000,1,0,0
15.700,200.000,200.000,0.000,200.000,0.000,1,0,0
15.800,200.000,200.000,0.000,200.000,0.000,1,0,0
15.900,200.000,200.000,0.000,200.000,0.000,1,0,0
16.000,200.000,200.000,0.000,200.000,0.000,1,0,0
16.100,200.000,200.000,0.000,200.000,0.000,1,0,0
16.200,200.000,200.000,0.000,200.000,0.000,1,0,0
16.300,200.000,200.000,0.000,200.000,0.000,1,0,0
16.400,200.000,200.000,0.000,200.000,0.000,1,0,0
16.500,200.000,200.000,0.000,200.000,0.000,1,0,0
16.600,200.000,200.000,0.000,200.000,0.000,1,0,0
16.700,200.000,200.000,0.000,200.000,0.000,1,0,0
16.800,200.000,200.000,0.000,200.000,0.000,1,0,0
16.900,200.000,200.000,0.000,200.000,0.000,1,0,0
17.000,200.000,200.000,0.000,200.000,0.000,1,0,0
17.100,200.000,200.000,0.000,200.000,0.000,1,0,0
17.200,200.000,200.000,0.000,200.000,0.000,1,0,0
17.300,200.000,200.000,0.000,200.000,0.000,1,0,0
17.400,200.000,200.000,0.000,200.000,0.000,1,0,0
17.500,200.000,200.000,0.000,200.000,0.000,1,0,0
17.600,200.000,200.000,0.000,200.000,0.000,1,0,0
17.700,200.000,200.000,0.000,200.000,0.000,1,0,0
17.800,200.000,200.000,0.000,200.000,0.000,1,0,0
17.900,200.000,200.000,0.000,200.000,0.000,1,0,0
18.000,200.000,200.000,0.000,200.000,0.000,1,0,0
18.100,200.000,200.000,0.000,200.000,0.000,1,0,0
18.200,200.000,200.000,0.000,200.000,0.000,1,0,0
18.300,200.000,200.000,0.000,200.000,0.000,1,0,0
18.400,200.000,200.000,0.000,200.000,0.000,1,0,0
18.500,200.000,200.000,0.000,200.000,0.000,1,0,0
18.600,200.000,200.000,0.000,200.000,0.000,1,0,0
18.700,200.000,200.000,0.000,200.000,0.000,1,0,0
18.800,200.000,200.000,0.000,200.000,0.000,1,0,0
18.900,200.000,200.000,0.000,200.000,0.000,1,0,0
19.000,200.000,200.000,0.000,200.000,0.000,1,0,0
19.100,200.000,200.000,0.000,200.000,0.000,1,0,0
19.200,200.000,200.000,0.000,200.000,0.000,1,0,0
19.300,200.000,200.000,0.000,200.000,0.000,1,0,0
19.400,200.000,200.000,0.000,200.000,0.000,1,0,0
19.500,200.000,200.000,0.000,200.000,0.000,1,0,0
19.600,200.000,200.000,0.000,200.000,0.000,1,0,0
19.700,200.000,200.000,0.000,200.000,0.000,1,0,0
19.800,200.000,200.000,0.000,200.000,0.000,1,0,0
19.900,200.000,200.000,0.000,200.000,0.000,1,0,0
20.000,200.000,200.000,0.000,200.000,0.000,1,0,0
20.100,200.000,200.000,0.000,200.000,0.000,1,0,0
20.200,200.000,200.000,0.000,200.000,0.000,1,0,0
20.300,200.000,200.000,0.000,200.000,0.000,1,0,0
20.400,200.000,200.000,0.000,200.000,0.000,1,0,0
20.500,200.000,200.000,0.000,200.000,0.000,1,0,0
20.600,200.000,200.000,0.000,200.000,0.000,1,0,0
20.700,200.000,200.000,0.000,200.000,0.000,1,0,0
20.800,200.000,200.000,0.000,200.000,0.000,1,0,0
20.900,200.000,200.000,0.000,200.000,0.000,1,0,0
21.000,200.000,200.000,0.000,200.000,0.000,1,0,0
21.100,200.000,200.000,0.000,200.000,0.000,1,0,0
21.200,200.000,200.000,0.000,200.000,0.000,1,0,0
21.300,200.000,200.000,0.000,200.000,0.000,1,0,0
21.400,200.000,200.000,0.000,200.000,0.000,1,0,0
21.500,200.000,200.000,0.000,200.000,0.000,1,0,0
21.600,200.000,200.000,0.000,200.000,0.000,1,0,0
21.700,200.000,200.000,0.000,200.000,0.000,1,0,0
21.800,200.000,200.000,0.000,200.000,0.000,1,0,0
21.900,200.000,200.000,0.000,200.000,0.000,1,0,0
22.000,200.000,200.000,0.000,200.000,0.000,1,0,0
22.100,200.000,200.000,0.000,200.000,0.000,1,0,0
22.200,200.000,200.000,0.000,200.000,0.000,1,0,0
22.300,200.000,200.000,0.000,200.000,0.000,1,0,0
22.400,200.000,200.000,0.000,200.000,0.000,1,0,0
22.500,200.000,200.000,0.000,200.000,0.000,1,0,0
22.600,200.000,200.000,0.000,200.000,0.000,1,0,0
22.700,200.000,200.000,0.000,200.000,0.000,1,0,0
22.800,200.000,200.000,0.000,200.000,0.000,1,0,0
22.900,200.000,200.000,0.000,200.000,0.000,1,0,0
23.000,200.000,200.000,0.000,200.000,0.000,1,0,0
23.100,200.000,200.000,0.000,200.000,0.000,1,0,0
23.200,200.000,200.000,0.000,200.000,0.000,1,0,0
23.300,200.000,200.000,0.000,200.000,0.000,1,0,0
23.400,200.000,200.000,0.000,200.000,0.000,1,0,0
23.500,200.000,200.000,0.000,200.000,0.000,1,0,0
23.600,200.000,200.000,0.000,200.000,0.000,1,0,0
23.700,200.000,200.000,0.000,200.000,0.000,1,0,0
23.800,200.000,200.000,0.000,200.000,0.000,1,0,0
23.900,200.000,200.000,0.000,200.000,0.000,1,0,0
24.000,200.000,200.000,0.000,200.000,0.000,1,0,0
24.100,200.000,200.000,0.000,200.000,0.000,1,0,0
24.200,200.000,200.000,0.000,200.000,0.000,1,0,0
24.300,200.000,200.000,0.000,200.000,0.000,1,0,0
24.400,200.000,200.000,0.000,200.000,0.000,1,0,0
24.500,200.000,200.000,0.000,200.000,0.000,1,0,0
24.600,200.000,200.000,0.000,200.000,0.000,1,0,0
24.700,200.000,200.000,0.000,200.000,0.000,1,0,0
24.800,200.000,200.000,0.000,200.000,0.000,1,0,0
24.900,200.000,200.000,0.000,200.000,0.000,1,0,0
25.000,200.000,200.000,0.000,200.000,0.000,1,0,0
25.100,200.000,200.000,0.000,200.000,0.000,1,0,0
25.200,200.000,200.000,0.000,200.000,0.000,1,0,0
25.300,200.000,200.000,0.000,200.000,0.000,1,0,0
25.400,200.000,200.000,0.000,200.000,0.000,1,0,0
25.500,200.000,200.000,0.000,200.000,0.000,1,0,0
25.600,200.000,200.000,0.000,200.000,0.000,1,0,0
25.700,200.000,200.000,0.000,200.000,0.000,1,0,0
25.800,200.000,200.000,0.000,200.000,0.000,1,0,0
25.900,200.000,200.000,0.000,200.000,0.000,1,0,0
26.000,200.000,200.000,0.000,200.000,0.000,1,0,0
26.100,200.000,200.000,0.000,200.000,0.000,1,0,0
26.200,200.000,200.000,0.000,200.000,0.000,1,0,0
26.300,200.000,200.000,0.000,200.000,0.000,1,0,0
26.400,200.000,200.000,0.000,200.000,0.000,1,0,0
26.500,200.000,200.000,0.000,200.000,0.000,1,0,0
26.600,200.000,200.000,0.000,200.000,0.000,1,0,0
26.700,200.000,200.000,0.000,200.000,0.000,1,0,0
26.800,200.000,200.000,0.000,200.000,0.000,1,0,0
26.900,200.000,200.000,0.000,200.000,0.000,1,0,0
27.000,200.000,200.000,0.000,200.000,0.000,1,0,0
27.100,200.000,200.000,0.000,200.000,0.000,1,0,0
27.200,200.000,200.000,0.000,200.000,0.000,1,0,0
27.300,200.000,200.000,0.000,200.000,0.000,1,0,0
27.400,200.000,200.000,0.000,200.000,0.000,1,0,0
27.500,200.000,200.000,0.000,200.000,0.000,1,0,0
27.600,200.000,200.000,0.000,200.000,0.000,1,0,0
27.700,200.000,200.000,0.000,200.000,0.000,1,0,0
27.800,200.000,200.000,0.000,200.000,0.000,1,0,0
27.900,200.000,200.000,0.000,200.000,0.000,1,0,0
28.000,200.000,200.000,0.000,200.000,0.000,1,0,0
28.100,200.000,200.000,0.000,200.000,0.000,1,0,0
28.200,200.000,200.000,0.000,200.000,0.000,1,0,0
28.300,200.000,200.000,0.000,200.000,0.000,1,0,0
28.400,200.000,200.000,0.000,200.000,0.000,1,0,0
28.500,200.000,200.000,0.000,200.000,0.000,1,0,0
28.600,200.000,200.000,0.000,200.000,0.000,1,0,0
28.700,200.000,200.000,0.000,200.000,0.000,1,0,0
28.800,200.000,200.000,0.000,200.000,0.000,1,0,0
28.900,200.000,200.000,0.000,200.000,0.000,1,0,0
29.000,200.000,200.000,0.000,200.000,0.000,1,0,0
29.100,200.000,200.000,0.000,200.000,0.000,1,0,0
29.200,200.000,200.000,0.000,200.000,0.000,1,0,0
29.300,200.000,200.000,0.000,200.000,0.000,1,0,0
29.400,200.000,200.000,0.000,200.000,0.000,1,0,0
29.500,200.000,200.000,0.000,200.000,0.000,1,0,0
29.600,200.000,200.000,0.000,200.000,0.000,1,0,0
29.700,200.000,200.000,0.000,200.000,0.000,1,0,0
29.800,200.000,200.000,0.000,200.000,0.000,1,0,0
29.900,200.000,200.000,0.000,200.000,0.000,1,0,0
30.000,200.000,200.000,0.000,200.000,0.000,1,0,0
30.100,200.000,200.000,0.000,200.000,0.000,1,0,0
30.200,200.000,200.000,0.000,200.000,0.000,1,0,0
30.300,200.000,200.000,0.000,200.000,0.000,1,0,0
30.400,200.000,200.000,0.000,200.000,0.000,1,0,0
30.500,200.000,200.000,0.000,200.000,0.000,1,0,0
30.600,200.000,200.000,0.000,200.000,0.000,1,0,0
30.700,200.000,200.000,0.000,200.000,0.000,1,0,0
30.800,200.000,200.000,0.000,200.000,0.000,1,0,0
30.900,200.000,200.000,0.000,200.000,0.000,1,0,0
31.000,200.000,200.000,0.000,200.000,0.000,1,0,0
31.100,200.000,200.000,0.000,200.000,0.000,1,0,0
31.200,200.000,200.000,0.000,200.000,0.000,1,0,0
31.300,200.000,200.000,0.000,200.000,0.000,1,0,0
31.400,200.000,200.000,0.000,200.000,0.000,1,0,0
31.500,200.000,200.000,0.000,200.000,0.000,1,0,0
31.600,200.000,200.000,0.000,200.000,0.000,1,0,0
31.700,200.000,200.000,0.000,200.000,0.000,1,0,0
31.800,200.000,200.000,0.000,200.000,0.000,1,0,0
31.900,200.000,200.000,0.000,200.000,0.000,1,0,0
32.000,200.000,200.000,0.000,200.000,0.000,1,0,0
32.100,200.000,200.000,0.000,200.000,0.000,1,0,0
32.200,200.000,200.000,0.000,200.000,0.000,1,0,0
32.300,200.000,200.000,0.000,200.000,0.000,1,0,0
32.400,200.000,200.000,0.000,200.000,0.000,1,0,0
32.500,200.000,200.000,0.000,200.000,0.000,1,0,0
32.600,200.000,200.000,0.000,200.000,0.000,1,0,0
32.700,200.000,200.000,0.000,200.000,0.000,1,0,0
32.800,200.000,200.000,0.000,200.000,0.000,1,0,0
32.900,200.000,200.000,0.000,200.000,0.000,1,0,0
33.000,200.000,200.000,0.000,200.000,0.000,1,0,0
33.100,200.000,200.000,0.000,200.000,0.000,1,0,0
33.200,200.000,200.000,0.000,200.000,0.000,1,0,0
33.300,200.000,200.000,0.000,200.000,0.000,1,0,0
33.400,200.000,200.000,0.000,200.000,0.000,1,0,0
33.500,200.000,200.000,0.000,200.000,0.000,1,0,0
33.600,200.000,200.000,0.000,200.000,0.000,1,0,0
33.700,200.000,200.000,0.000,200.000,0.000,1,0,0
33.800,200.000,200.000,0.000,200.000,0.000,1,0,0
33.900,200.000,200.000,0.000,200.000,0.000,1,0,0
34.000,200.000,200.000,0.000,200.000,0.000,1,0,0
34.100,200.000,200.000,0.000,200.000,0.000,1,0,0
34.200,200.000,200.000,0.000,200.000,0.000,1,0,0
34.300,200.000,200.000,0.000,200.000,0.000,1,0,0
34.400,200.000,200.000,0.000,200.000,0.000,1,0,0
34.500,200.000,200.000,0.000,200.000,0.000,1,0,0
34.600,200.000,200.000,0.000,200.000,0.000,1,0,0
34.700,200.000,200.000,0.000,200.000,0.000,1,0,0
34.800,200.000,200.000,0.000,200.000,0.000,1,0,0
34.900,200.000,200.000,0.000,200.000,0.000,1,0,0
35.000,200.000,200.000,0.000,200.000,0.000,1,0,0
35.100,200.000,200.000,0.000,200.000,0.000,1,0,0
35.200,200.000,200.000,0.000,200.000,0.000,1,0,0
35.300,200.000,200.000,0.000,200.000,0.000,1,0,0
35.400,200.000,200.000,0.000,200.000,0.000,1,0,0
35.500,200.000,200.000,0.000,200.000,0.000,1,0,0
35.600,200.000,200.000,0.000,200.000,0.000,1,0,0
35.700,200.000,200.000,0.000,200.000,0.000,1,0,0
35.800,200.000,200.000,0.000,200.000,0.000,1,0,0
35.900,200.000,200.000,0.000,200.000,0.000,1,0,0
36.000,200.000,200.000,0.000,200.000,0.000,1,0,0
36.100,200.000,200.000,0.000,200.000,0.000,1,0,0
36.200,200.000,200.000,0.000,200.000,0.000,1,0,0
36.300,200.000,200.000,0.000,200.000,0.000,1,0,0
36.400,200.000,200.000,0.000,200.000,0.000,1,0,0
36.500,200.000,200.000,0.000,200.000,0.000,1,0,0
36.600,200.000,200.000,0.000,200.000,0.000,1,0,0
36.700,200.000,200.000,0.000,200.000,0.000,1,0,0
36.800,200.000,200.000,0.000,200.000,0.000,1,0,0
36.900,200.000,200.000,0.000,200.000,0.000,1,0,0
37.000,200.000,200.000,0.000,200.000,0.000,1,0,0
37.100,200.000,200.000,0.000,200.000,0.000,1,0,0
37.200,200.000,200.000,0.000,200.000,0.000,1,0,0
37.300,200.000,200.000,0.000,200.000,0.000,1,0,0
37.400,200.000,200.000,0.000,200.000,0.000,1,0,0
37.500,200.000,200.000,0.000,200.000,0.000,1,0,0
37.600,200.000,200.000,0.000,200.000,0.000,1,0,0
37.700,200.000,200.000,0.000,200.000,0.000,1,0,0
37.800,200.000,200.000,0.000,200.000,0.000,1,0,0
37.900,200.000,200.000,0.000,200.000,0.000,1,0,0
38.000,200.000,200.000,0.000,200.000,0.000,1,0,0
38.100,200.000,200.000,0.000,200.000,0.000,1,0,0
38.200,200.000,200.000,0.000,200.000,0.000,1,0,0
38.300,200.000,200.000,0.000,200.000,0.000,1,0,0
38.400,200.000,200.000,0.000,200.000,0.000,1,0,0
38.500,200.000,200.000,0.000,200.000,0.000,1,0,0
38.600,200.000,200.000,0.000,200.000,0.000,1,0,0
38.700,200.000,200.000,0.000,200.000,0.000,1,0,0
38.800,200.000,200.000,0.000,200.000,0.000,1,0,0
38.900,200.000,200.000,0.000,200.000,0.000,1,0,0
39.000,200.000,200.000,0.000,200.000,0.000,1,0,0
39.100,200.000,200.000,0.000,200.000,0.000,1,0,0
39.200,200.000,200.000,0.000,200.000,0.000,1,0,0
39.300,200.000,200.000,0.000,200.000,0.000,1,0,0
39.400,200.000,200.000,0.000,200.000,0.000,1,0,0
39.500,200.000,200.000,0.000,200.000,0.000,1,0,0
39.600,200.000,200.000,0.000,200.000,0.000,1,0,0
39.700,200.000,200.000,0.000,200.000,0.000,1,0,0
39.800,200.000,200.000,0.000,200.000,0.000,1,0,0
39.900,200.000,200.000,0.000,200.000,0.000,1,0,0
40.000,200.000,200.000,0.000,200.000,0.000,1,0,0
40.100,200.000,200.000,0.000,200.000,0.000,1,0,0
40.200,200.000,200.000,0.000,200.000,0.000,1,0,0
40.300,200.000,200.000,0.000,200.000,0.000,1,0,0
40.400,200.000,200.000,0.000,200.000,0.000,1,0,0
40.500,200.000,200.000,0.000,200.000,0.000,1,0,0
40.600,200.000,200.000,0.000,200.000,0.000,1,0,0
40.700,200.000,200.000,0.000,200.000,0.000,1,0,0
40.800,200.000,200.000,0.000,200.000,0.000,1,0,0
40.900,200.000,200.000,0.000,200.000,0.000,1,0,0
41.000,200.000,200.000,0.000,200.000,0.000,1,0,0
41.100,200.000,200.000,0.000,200.000,0.000,1,0,0
41.200,200.000,200.000,0.000,200.000,0.000,1,0,0
41.300,200.000,200.000,0.000,200.000,0.000,1,0,0
41.400,200.000,200.000,0.000,200.000,0.000,1,0,0
41.500,200.000,200.000,0.000,200.000,0.000,1,0,0
41.600,200.000,200.000,0.000,200.000,0.000,1,0,0
41.700,200.000,200.000,0.000,200.000,0.000,1,0,0
41.800,200.000,200.000,0.000,200.000,0.000,1,0,0
41.900,200.000,200.000,0.000,200.000,0.000,1,0,0
42.000,200.000,200.000,0.000,200.000,0.000,1,0,0
42.100,200.000,200.000,0.000,200.000,0.000,1,0,0
42.200,200.000,200.000,0.000,200.000,0.000,1,0,0
42.300,200.000,200.000,0.000,200.000,0.000,1,0,0
42.400,200.000,200.000,0.000,200.000,0.000,1,0,0
42.500,200.000,200.000,0.000,200.000,0.000,1,0,0
42.600,200.000,200.000,0.000,200.000,0.000,1,0,0
42.700,200.000,200.000,0.000,200.000,0.000,1,0,0
42.800,200.000,200.000,0.000,200.000,0.000,1,0,0
42.900,200.000,200.000,0.000,200.000,0.000,1,0,0
43.000,200.000,200.000,0.000,200.000,0.000,1,0,0
43.100,200.000,200.000,0.000,200.000,0.000,1,0,0
43.200,200.000,200.000,0.000,200.000,0.000,1,0,0
43.300,200.000,200.000,0.000,200.000,0.000,1,0,0
43.400,200.000,200.000,0.000,200.000,0.000,1,0,0
43.500,200.000,200.000,0.000,200.000,0.000,1,0,0
43.600,200.000,200.000,0.000,200.000,0.000,1,0,0
43.700,200.000,200.000,0.000,200.000,0.000,1,0,0
43.800,200.000,200.000,0.000,200.000,0.000,1,0,0
43.900,200.000,200.000,0.000,200.000,0.000,1,0,0
44.000,200.000,200.000,0.000,200.000,0.000,1,0,0
44.100,200.000,200.000,0.000,200.000,0.000,1,0,0
44.200,200.000,200.000,0.000,200.000,0.000,1,0,0
44.300,200.000,200.000,0.000,200.000,0.000,1,0,0
44.400,200.000,200.000,0.000,200.000,0.000,1,0,0
44.500,200.000,200.000,0.000,200.000,0.000,1,0,0
44.600,200.000,200.000,0.000,200.000,0.000,1,0,0
44.700,200.000,200.000,0.000,200.000,0.000,1,0,0
44.800,200.000,200.000,0.000,200.000,0.000,1,0,0
44.900,200.000,200.000,0.000,200.000,0.000,1,0,0
45.000,200.000,200.000,0.000,200.000,0.000,1,0,0
45.100,200.000,200.000,0.000,200.000,0.000,1,0,0
45.200,200.000,200.000,0.000,200.000,0.000,1,0,0
45.300,200.000,200.000,0.000,200.000,0.000,1,0,0
45.400,200.000,200.000,0.000,200.000,0.000,1,0,0
45.500,200.000,200.000,0.000,200.000,0.000,1,0,0
45.600,200.000,200.000,0.000,200.000,0.000,1,0,0
45.700,200.000,200.000,0.000,200.000,0.000,1,0,0
45.800,200.000,200.000,0.000,200.000,0.000,1,0,0
45.900,200.000,200.000,0.000,200.000,0.000,1,0,0
46.000,200.000,200.000,0.000,200.000,0.000,1,0,0
46.100,200.000,200.000,0.000,200.000,0.000,1,0,0
46.200,200.000,200.000,0.000,200.000,0.000,1,0,0
46.300,200.000,200.000,0.000,200.000,0.000,1,0,0
46.400,200.000,200.000,0.000,200.000,0.000,1,0,0
46.500,200.000,200.000,0.000,200.000,0.000,1,0,0
46.600,200.000,200.000,0.000,200.000,0.000,1,0,0
46.700,200.000,200.000,0.000,200.000,0.000,1,0,0
46.800,200.000,200.000,0.000,200.000,0.000,1,0,0
46.900,200.000,200.000,0.000,200.000,0.000,1,0,0
47.000,200.000,200.000,0.000,200.000,0.000,1,0,0
47.100,200.000,200.000,0.000,200.000,0.000,1,0,0
47.200,200.000,200.000,0.000,200.000,0.000,1,0,0
47.300,200.000,200.000,0.000,200.000,0.000,1,0,0
47.400,200.000,200.000,0.000,200.000,0.000,1,0,0
47.500,200.000,200.000,0.000,200.000,0.000,1,0,0
47.600,200.000,200.000,0.000,200.000,0.000,1,0,0
47.700,200.000,200.000,0.000,200.000,0.000,1,0,0
47.800,200.000,200.000,0.000,200.000,0.000,1,0,0
47.900,200.000,200.000,0.000,200.000,0.000,1,0,0
48.000,200.000,200.000,0.000,200.000,0.000,1,0,0
48.100,200.000,200.000,0.000,200.000,0.000,1,0,0
48.200,200.000,200.000,0.000,200.000,0.000,1,0,0
48.300,200.000,200.000,0.000,200.000,0.000,1,0,0
48.400,200.000,200.000,0.000,200.000,0.000,1,0,0
48.500,200.000,200.000,0.000,200.000,0.000,1,0,0
48.600,200.000,200.000,0.000,200.000,0.000,1,0,0
48.700,200.000,200.000,0.000,200.000,0.000,1,0,0
48.800,200.000,200.000,0.000,200.000,0.000,1,0,0
48.900,200.000,200.000,0.000,200.000,0.000,1,0,0
49.000,200.000,200.000,0.000,200.000,0.000,1,0,0
49.100,200.000,200.000,0.000,200.000,0.000,1,0,0
49.200,200.000,200.000,0.000,200.000,0.000,1,0,0
49.300,200.000,200.000,0.000,200.000,0.000,1,0,0
49.400,200.000,200.000,0.000,200.000,0.000,1,0,0
49.500,200.000,200.000,0.000,200.000,0.000,1,0,0
49.600,200.000,200.000,0.000,200.000,0.000,1,0,0
49.700,200.000,200.000,0.000,200.000,0.000,1,0,0
49.800,200.000,200.000,0.000,200.000,0.000,1,0,0
49.900,200.000,200.000,0.000,200.000,0.000,1,0,0
50.000,200.000,200.000,0.000,200.000,0.000,1,0,0
50.100,200.000,200.000,0.000,200.000,0.000,1,0,0
50.200,200.000,200.000,0.000,200.000,0.000,1,0,0
50.300,200.000,200.000,0.000,200.000,0.000,1,0,0
50.400,200.000,200.000,0.000,200.000,0.000,1,0,0
50.500,200.000,200.000,0.000,200.000,0.000,1,0,0
50.600,200.000,200.000,0.000,200.000,0.000,1,0,0
50.700,200.000,200.000,0.000,200.000,0.000,1,0,0
50.800,200.000,200.000,0.000,200.000,0.000,1,0,0
50.900,200.000,200.000,0.000,200.000,0.000,1,0,0
51.000,200.000,200.000,0.000,200.000,0.000,1,0,0
51.100,200.000,200.000,0.000,200.000,0.000,1,0,0
51.200,200.000,200.000,0.000,200.000,0.000,1,0,0
51.300,200.000,200.000,0.000,200.000,0.000,1,0,0
51.400,200.000,200.000,0.000,200.000,0.000,1,0,0
51.500,200.000,200.000,0.000,200.000,0.000,1,0,0
51.600,200.000,200.000,0.000,200.000,0.000,1,0,0
51.700,200.000,200.000,0.000,200.000,0.000,1,0,0
51.800,200.000,200.000,0.000,200.000,0.000,1,0,0
51.900,200.000,200.000,0.000,200.000,0.000,1,0,0
52.000,200.000,200.000,0.000,200.000,0.000,1,0,0
52.100,200.000,200.000,0.000,200.000,0.000,1,0,0
52.200,200.000,200.000,0.000,200.000,0.000,1,0,0
52.300,200.000,200.000,0.000,200.000,0.000,1,0,0
52.400,200.000,200.000,0.000,200.000,0.000,1,0,0
52.500,200.000,200.000,0.000,200.000,0.000,1,0,0
52.600,200.000,200.000,0.000,200.000,0.000,1,0,0
52.700,200.000,200.000,0.000,200.000,0.000,1,0,0
52.800,200.000,200.000,0.000,200.000,0.000,1,0,0
52.900,200.000,200.000,0.000,200.000,0.000,1,0,0
53.000,200.000,200.000,0.000,200.000,0.000,1,0,0
53.100,200.000,200.000,0.000,200.000,0.000,1,0,0
53.200,200.000,200.000,0.000,200.000,0.000,1,0,0
53.300,200.000,200.000,0.000,200.000,0.000,1,0,0
53.400,200.000,200.000,0.000,200.000,0.000,1,0,0
53.500,200.000,200.000,0.000,200.000,0.000,1,0,0
53.600,200.000,200.000,0.000,200.000,0.000,1,0,0
53.700,200.000,200.000,0.000,200.000,0.000,1,0,0
53.800,200.000,200.000,0.000,200.000,0.000,1,0,0
53.900,200.000,200.000,0.000,200.000,0.000,1,0,0
54.000,200.000,200.000,0.000,200.000,0.000,1,0,0
54.100,200.000,200.000,0.000,200.000,0.000,1,0,0
54.200,200.000,200.000,0.000,200.000,0.000,1,0,0
54.300,200.000,200.000,0.000,200.000,0.000,1,0,0
54.400,200.000,200.000,0.000,200.000,0.000,1,0,0
54.500,200.000,200.000,0.000,200.000,0.000,1,0,0
54.600,200.000,200.000,0.000,200.000,0.000,1,0,0
54.700,200.000,200.000,0.000,200.000,0.000,1,0,0
54.800,200.000,200.000,0.000,200.000,0.000,1,0,0
54.900,200.000,200.000,0.000,200.000,0.000,1,0,0
55.000,200.000,200.000,0.000,200.000,0.000,1,0,0
55.100,200.000,200.000,0.000,200.000,0.000,1,0,0
55.200,200.000,200.000,0.000,200.000,0.000,1,0,0
55.300,200.000,200.000,0.000,200.000,0.000,1,0,0
55.400,200.000,200.000,0.000,200.000,0.000,1,0,0
55.500,200.000,200.000,0.000,200.000,0.000,1,0,0
55.600,200.000,200.000,0.000,200.000,0.000,1,0,0
55.700,200.000,200.000,0.000,200.000,0.000,1,0,0
55.800,200.000,200.000,0.000,200.000,0.000,1,0,0
55.900,200.000,200.000,0.000,200.000,0.000,1,0,0
56.000,200.000,200.000,0.000,200.000,0.000,1,0,0
56.100,200.000,200.000,0.000,200.000,0.000,1,0,0
56.200,200.000,200.000,0.000,200.000,0.000,1,0,0
56.300,200.000,200.000,0.000,200.000,0.000,1,0,0
56.400,200.000,200.000,0.000,200.000,0.000,1,0,0
56.500,200.000,200.000,0.000,200.000,0.000,1,0,0
56.600,200.000,200.000,0.000,200.000,0.000,1,0,0
56.700,200.000,200.000,0.000,200.000,0.000,1,0,0
56.800,200.000,200.000,0.000,200.000,0.000,1,0,0
56.900,200.000,200.000,0.000,200.000,0.000,1,0,0
57.000,200.000,200.000,0.000,200.000,0.000,1,0,0
57.100,200.000,200.000,0.000,200.000,0.000,1,0,0
57.200,200.000,200.000,0.000,200.000,0.000,1,0,0
57.300,200.000,200.000,0.000,200.000,0.000,1,0,0
57.400,200.000,200.000,0.000,200.000,0.000,1,0,0
57.500,200.000,200.000,0.000,200.000,0.000,1,0,0
57.600,200.000,200.000,0.000,200.000,0.000,1,0,0
57.700,200.000,200.000,0.000,200.000,0.000,1,0,0
57.800,200.000,200.000,0.000,200.000,0.000,1,0,0
57.900,200.000,200.000,0.000,200.000,0.000,1,0,0
58.000,200.000,200.000,0.000,200.000,0.000,1,0,0
58.100,200.000,200.000,0.000,200.000,0.000,1,0,0
58.200,200.000,200.000,0.000,200.000,0.000,1,0,0
58.300,200.000,200.000,0.000,200.000,0.000,1,0,0
58.400,200.000,200.000,0.000,200.000,0.000,1,0,0
58.500,200.000,200.000,0.000,200.000,0.000,1,0,0
58.600,200.000,200.000,0.000,200.000,0.000,1,0,0
58.700,200.000,200.000,0.000,200.000,0.000,1,0,0
58.800,200.000,200.000,0.000,200.000,0.000,1,0,0
58.900,200.000,200.000,0.000,200.000,0.000,1,0,0
59.000,200.000,200.000,0.000,200.000,0.000,1,0,0
59.100,200.000,200.000,0.000,200.000,0.000,1,0,0
59.200,200.000,200.000,0.000,200.000,0.000,1,0,0
59.300,200.000,200.000,0.000,200.000,0.000,1,0,0
59.400,200.000,200.000,0.000,200.000,0.000,1,0,0
59.500,200.000,200.000,0.000,200.000,0.000,1,0,0
59.600,200.000,200.000,0.000,200.000,0.000,1,0,0
59.700,200.000,200.000,0.000,200.000,0.000,1,0,0
59.800,200.000,200.000,0.000,200.000,0.000,1,0,0
59.900,200.000,200.000,0.000,200.000,0.000,1,0,0
60.000,200.000,200.000,0.000,200.000,0.000,1,0,0
60.100,200.000,200.000,0.000,200.000,0.000,1,0,0
60.200,200.000,200.000,0.000,200.000,0.000,1,0,0
60.300,200.000,200.000,0.000,200.000,0.000,1,0,0
60.400,200.000,200.000,0.000,200.000,0.000,1,0,0
60.500,200.000,200.000,0.000,200.000,0.000,1,0,0
60.600,200.000,200.000,0.000,200.000,0.000,1,0,0
60.700,200.000,200.000,0.000,200.000,0.000,1,0,0
60.800,200.000,200.000,0.000,200.000,0.000,1,0,0
60.900,200.000,200.000,0.000,200.000,0.000,1,0,0
61.000,200.000,200.000,0.000,200.000,0.000,1,0,0
61.100,200.000,200.000,0.000,200.000,0.000,1,0,0
61.200,200.000,200.000,0.000,200.000,0.000,1,0,0
61.300,200.000,200.000,0.000,200.000,0.000,1,0,0
61.400,200.000,200.000,0.000,200.000,0.000,1,0,0
61.500,200.000,200.000,0.000,200.000,0.000,1,0,0
61.600,200.000,200.000,0.000,200.000,0.000,1,0,0
61.700,200.000,200.000,0.000,200.000,0.000,1,0,0
61.800,200.000,200.000,0.000,200.000,0.000,1,0,0
61.900,200.000,200.000,0.000,200.000,0.000,1,0,0
62.000,200.000,200.000,0.000,200.000,0.000,1,0,0
62.100,200.000,200.000,0.000,200.000,0.000,1,0,0
62.200,200.000,200.000,0.000,200.000,0.000,1,0,0
62.300,200.000,200.000,0.000,200.000,0.000,1,0,0
62.400,200.000,200.000,0.000,200.000,0.000,1,0,0
62.500,200.000,200.000,0.000,200.000,0.000,1,0,0
62.600,200.000,200.000,0.000,200.000,0.000,1,0,0
62.700,200.000,200.000,0.000,200.000,0.000,1,0,0
62.800,200.000,200.000,0.000,200.000,0.000,1,0,0
62.900,200.000,200.000,0.000,200.000,0.000,1,0,0
63.000,200.000,200.000,0.000,200.000,0.000,1,0,0
63.100,200.000,200.000,0.000,200.000,0.000,1,0,0
63.200,200.000,200.000,0.000,200.000,0.000,1,0,0
63.300,200.000,200.000,0.000,200.000,0.000,1,0,0
63.400,200.000,200.000,0.000,200.000,0.000,1,0,0
63.500,200.000,200.000,0.000,200.000,0.000,1,0,0
63.600,200.000,200.000,0.000,200.000,0.000,1,0,0
63.700,200.000,200.000,0.000,200.000,0.000,1,0,0
63.800,200.000,200.000,0.000,200.000,0.000,1,0,0
63.900,200.000,200.000,0.000,200.000,0.000,1,0,0
64.000,200.000,200.000,0.000,200.000,0.000,1,0,0
64.100,200.000,200.000,0.000,200.000,0.000,1,0,0
64.200,200.000,200.000,0.000,200.000,0.000,1,0,0
64.300,200.000,200.000,0.000,200.000,0.000,1,0,0
64.400,200.000,200.000,0.000,200.000,0.000,1,0,0
64.500,200.000,200.000,0.000,200.000,0.000,1,0,0
64.600,200.000,200.000,0.000,200.000,0.000,1,0,0
64.700,200.000,200.000,0.000,200.000,0.000,1,0,0
64.800,200.000,200.000,0.000,200.000,0.000,1,0,0
64.900,200.000,200.000,0.000,200.000,0.000,1,0,0
65.000,200.000,200.000,0.000,200.000,0.000,1,0,0
65.100,200.000,200.000,0.000,200.000,0.000,1,0,0
65.200,200.000,200.000,0.000,200.000,0.000,1,0,0
65.300,200.000,200.000,0.000,200.000,0.000,1,0,0
65.400,200.000,200.000,0.000,200.000,0.000,1,0,0
65.500,200.000,200.000,0.000,200.000,0.000,1,0,0
65.600,200.000,200.000,0.000,200.000,0.000,1,0,0
65.700,200.000,200.000,0.000,200.000,0.000,1,0,0
65.800,200.000,200.000,0.000,200.000,0.000,1,0,0
65.900,200.000,200.000,0.000,200.000,0.000,1,0,0
66.000,200.000,200.000,0.000,200.000,0.000,1,0,0
66.100,200.000,200.000,0.000,200.000,0.000,1,0,0
66.200,200.000,200.000,0.000,200.000,0.000,1,0,0
66.300,200.000,200.000,0.000,200.000,0.000,1,0,0
66.400,200.000,200.000,0.000,200.000,0.000,1,0,0
66.500,200.000,200.000,0.000,200.000,0.000,1,0,0
66.600,200.000,200.000,0.000,200.000,0.000,1,0,0
66.700,200.000,200.000,0.000,200.000,0.000,1,0,0
66.800,200.000,200.000,0.000,200.000,0.000,1,0,0
66.900,200.000,200.000,0.000,200.000,0.000,1,0,0
67.000,200.000,200.000,0.000,200.000,0.000,1,0,0
67.100,200.000,200.000,0.000,200.000,0.000,1,0,0
67.200,200.000,200.000,0.000,200.000,0.000,1,0,0
67.300,200.000,200.000,0.000,200.000,0.000,1,0,0
67.400,200.000,200.000,0.000,200.000,0.000,1,0,0
67.500,200.000,200.000,0.000,200.000,0.000,1,0,0
67.600,200.000,200.000,0.000,200.000,0.000,1,0,0
67.700,200.000,200.000,0.000,200.000,0.000,1,0,0
67.800,200.000,200.000,0.000,200.000,0.000,1,0,0
67.900,200.000,200.000,0.000,200.000,0.000,1,0,0
68.000,200.000,200.000,0.000,200.000,0.000,1,0,0
68.100,200.000,200.000,0.000,200.000,0.000,1,0,0
68.200,200.000,200.000,0.000,200.000,0.000,1,0,0
68.300,200.000,200.000,0.000,200.000,0.000,1,0,0
68.400,200.000,200.000,0.000,200.000,0.000,1,0,0
68.500,200.000,200.000,0.000,200.000,0.000,1,0,0
68.600,200.000,200.000,0.000,200.000,0.000,1,0,0
68.700,200.000,200.000,0.000,200.000,0.000,1,0,0
68.800,200.000,200.000,0.000,200.000,0.000,1,0,0
68.900,200.000,200.000,0.000,200.000,0.000,1,0,0
69.000,200.000,200.000,0.000,200.000,0.000,1,0,0
69.100,200.000,200.000,0.000,200.000,0.000,1,0,0
69.200,200.000,200.000,0.000,200.000,0.000,1,0,0
69.300,200.000,200.000,0.000,200.000,0.000,1,0,0
69.400,200.000,200.000,0.000,200.000,0.000,1,0,0
69.500,200.000,200.000,0.000,200.000,0.000,1,0,0
69.600,200.000,200.000,0.000,200.000,0.000,1,0,0
69.700,200.000,200.000,0.000,200.000,0.000,1,0,0
69.800,200.000,200.000,0.000,200.000,0.000,1,0,0
69.900,200.000,200.000,0.000,200.000,0.000,1,0,0
70.000,200.000,200.000,0.000,200.000,0.000,1,0,0
70.100,200.000,200.000,0.000,200.000,0.000,1,0,0
70.200,200.000,200.000,0.000,200.000,0.000,1,0,0
70.300,200.000,200.000,0.000,200.000,0.000,1,0,0
70.400,200.000,200.000,0.000,200.000,0.000,1,0,0
70.500,200.000,200.000,0.000,200.000,0.000,1,0,0
70.600,200.000,200.000,0.000,200.000,0.000,1,0,0
70.700,200.000,200.000,0.000,200.000,0.000,1,0,0
70.800,200.000,200.000,0.000,200.000,0.000,1,0,0
70.900,200.000,200.000,0.000,200.000,0.000,1,0,0
71.000,200.000,200.000,0.000,200.000,0.000,1,0,0
71.100,200.000,200.000,0.000,200.000,0.000,1,0,0
71.200,200.000,200.000,0.000,200.000,0.000,1,0,0
71.300,200.000,200.000,0.000,200.000,0.000,1,0,0
71.400,200.000,200.000,0.000,200.000,0.000,1,0,0
71.500,200.000,200.000,0.000,200.000,0.000,1,0,0
71.600,200.000,200.000,0.000,200.000,0.000,1,0,0
71.700,200.000,200.000,0.000,200.000,0.000,1,0,0
71.800,200.000,200.000,0.000,200.000,0.000,1,0,0
71.900,200.000,200.000,0.000,200.000,0.000,1,0,0
72.000,200.000,200.000,0.000,200.000,0.000,1,0,0
72.100,200.000,200.000,0.000,200.000,0.000,1,0,0
72.200,200.000,200.000,0.000,200.000,0.000,1,0,0
72.300,200.000,200.000,0.000,200.000,0.000,1,0,0
72.400,200.000,200.000,0.000,200.000,0.000,1,0,0
72.500,200.000,200.000,0.000,200.000,0.000,1,0,0
72.600,200.000,200.000,0.000,200.000,0.000,1,0,0
72.700,200.000,200.000,0.000,200.000,0.000,1,0,0
72.800,200.000,200.000,0.000,200.000,0.000,1,0,0
72.900,200.000,200.000,0.000,200.000,0.000,1,0,0
73.000,200.000,200.000,0.000,200.000,0.000,1,0,0
73.100,200.000,200.000,0.000,200.000,0.000,1,0,0
73.200,200.000,200.000,0.000,200.000,0.000,1,0,0
73.300,200.000,200.000,0.000,200.000,0.000,1,0,0
73.400,200.000,200.000,0.000,200.000,0.000,1,0,0
73.500,200.000,200.000,0.000,200.000,0.000,1,0,0
73.600,200.000,200.000,0.000,200.000,0.000,1,0,0
73.700,200.000,200.000,0.000,200.000,0.000,1,0,0
73.800,200.000,200.000,0.000,200.000,0.000,1,0,0
73.900,200.000,200.000,0.000,200.000,0.000,1,0,0
74.000,200.000,200.000,0.000,200.000,0.000,1,0,0
74.100,200.000,200.000,0.000,200.000,0.000,1,0,0
74.200,200.000,200.000,0.000,200.000,0.000,1,0,0
74.300,200.000,200.000,0.000,200.000,0.000,1,0,0
74.400,200.000,200.000,0.000,200.000,0.000,1,0,0
74.500,200.000,200.000,0.000,200.000,0.000,1,0,0
74.600,200.000,200.000,0.000,200.000,0.000,1,0,0
74.700,200.000,200.000,0.000,200.000,0.000,1,0,0
74.800,200.000,200.000,0.000,200.000,0.000,1,0,0
74.900,200.000,200.000,0.000,200.000,0.000,1,0,0
75.000,200.000,200.000,0.000,200.000,0.000,1,0,0
75.100,200.000,200.000,0.000,200.000,0.000,1,0,0
75.200,200.000,200.000,0.000,200.000,0.000,1,0,0
75.300,200.000,200.000,0.000,200.000,0.000,1,0,0
75.400,200.000,200.000,0.000,200.000,0.000,1,0,0
75.500,200.000,200.000,0.000,200.000,0.000,1,0,0
75.600,200.000,200.000,0.000,200.000,0.000,1,0,0
75.700,200.000,200.000,0.000,200.000,0.000,1,0,0
75.800,200.000,200.000,0.000,200.000,0.000,1,0,0
75.900,200.000,200.000,0.000,200.000,0.000,1,0,0
76.000,200.000,200.000,0.000,200.000,0.000,1,0,0
76.100,200.000,200.000,0.000,200.000,0.000,1,0,0
76.200,200.000,200.000,0.000,200.000,0.000,1,0,0
76.300,200.000,200.000,0.000,200.000,0.000,1,0,0
76.400,200.000,200.000,0.000,200.000,0.000,1,0,0
76.500,200.000,200.000,0.000,200.000,0.000,1,0,0
76.600,200.000,200.000,0.000,200.000,0.000,1,0,0
76.700,200.000,200.000,0.000,200.000,0.000,1,0,0
76.800,200.000,200.000,0.000,200.000,0.000,1,0,0
76.900,200.000,200.000,0.000,200.000,0.000,1,0,0
77.000,200.000,200.000,0.000,200.000,0.000,1,0,0
77.100,200.000,200.000,0.000,200.000,0.000,1,0,0
77.200,200.000,200.000,0.000,200.000,0.000,1,0,0
77.300,200.000,200.000,0.000,200.000,0.000,1,0,0
77.400,200.000,200.000,0.000,200.000,0.000,1,0,0
77.500,200.000,200.000,0.000,200.000,0.000,1,0,0
77.600,200.000,200.000,0.000,200.000,0.000,1,0,0
77.700,200.000,200.000,0.000,200.000,0.000,1,0,0
77.800,200.000,200.000,0.000,200.000,0.000,1,0,0
77.900,200.000,200.000,0.000,200.000,0.000,1,0,0
78.000,200.000,200.000,0.000,200.000,0.000,1,0,0
78.100,200.000,200.000,0.000,200.000,0.000,1,0,0
78.200,200.000,200.000,0.000,200.000,0.000,1,0,0
78.300,200.000,200.000,0.000,200.000,0.000,1,0,0
78.400,200.000,200.000,0.000,200.000,0.000,1,0,0
78.500,200.000,200.000,0.000,200.000,0.000,1,0,0
78.600,200.000,200.000,0.000,200.000,0.000,1,0,0
78.700,200.000,200.000,0.000,200.000,0.000,1,0,0
78.800,200.000,200.000,0.000,200.000,0.000,1,0,0
78.900,200.000,200.000,0.000,200.000,0.000,1,0,0
79.000,200.000,200.000,0.000,200.000,0.000,1,0,0
79.100,200.000,200.000,0.000,200.000,0.000,1,0,0
79.200,200.000,200.000,0.000,200.000,0.000,1,0,0
79.300,200.000,200.000,0.000,200.000,0.000,1,0,0
79.400,200.000,200.000,0.000,200.000,0.000,1,0,0
79.500,200.000,200.000,0.000,200.000,0.000,1,0,0
79.600,200.000,200.000,0.000,200.000,0.000,1,0,0
79.700,200.000,200.000,0.000,200.000,0.000,1,0,0
79.800,200.000,200.000,0.000,200.000,0.000,1,0,0
79.900,200.000,200.000,0.000,200.000,0.000,1,0,0
80.000,200.000,200.000,0.000,200.000,0.000,1,0,0
80.100,200.000,200.000,0.000,200.000,0.000,1,0,0
80.200,200.000,200.000,0.000,200.000,0.000,1,0,0
80.300,200.000,200.000,0.000,200.000,0.000,1,0,0
80.400,200.000,200.000,0.000,200.000,0.000,1,0,0
80.500,200.000,200.000,0.000,200.000,0.000,1,0,0
80.600,200.000,200.000,0.000,200.000,0.000,1,0,0
80.700,200.000,200.000,0.000,200.000,0.000,1,0,0
80.800,200.000,200.000,0.000,200.000,0.000,1,0,0
80.900,200.000,200.000,0.000,200.000,0.000,1,0,0
81.000,200.000,200.000,0.000,200.000,0.000,1,0,0
81.100,200.000,200.000,0.000,200.000,0.000,1,0,0
81.200,200.000,200.000,0.000,200.000,0.000,1,0,0
81.300,200.000,200.000,0.000,200.000,0.000,1,0,0
81.400,200.000,200.000,0.000,200.000,0.000,1,0,0
81.500,200.000,200.000,0.000,200.000,0.000,1,0,0
81.600,200.000,200.000,0.000,200.000,0.000,1,0,0
81.700,200.000,200.000,0.000,200.000,0.000,1,0,0
81.800,200.000,200.000,0.000,200.000,0.000,1,0,0
81.900,200.000,200.000,0.000,200.000,0.000,1,0,0
82.000,200.000,200.000,0.000,200.000,0.000,1,0,0
82.100,200.000,200.000,0.000,200.000,0.000,1,0,0
82.200,200.000,200.000,0.000,200.000,0.000,1,0,0
82.300,200.000,200.000,0.000,200.000,0.000,1,0,0
82.400,200.000,200.000,0.000,200.000,0.000,1,0,0
82.500,200.000,200.000,0.000,200.000,0.000,1,0,0
82.600,200.000,200.000,0.000,200.000,0.000,1,0,0
82.700,200.000,200.000,0.000,200.000,0.000,1,0,0
82.800,200.000,200.000,0.000,200.000,0.000,1,0,0
82.900,200.000,200.000,0.000,200.000,0.000,1,0,0
83.000,200.000,200.000,0.000,200.000,0.000,1,0,0
83.100,200.000,200.000,0.000,200.000,0.000,1,0,0
83.200,200.000,200.000,0.000,200.000,0.000,1,0,0
83.300,200.000,200.000,0.000,200.000,0.000,1,0,0
83.400,200.000,200.000,0.000,200.000,0.000,1,0,0
83.500,200.000,200.000,0.000,200.000,0.000,1,0,0
83.600,200.000,200.000,0.000,200.000,0.000,1,0,0
83.700,200.000,200.000,0.000,200.000,0.000,1,0,0
83.800,200.000,200.000,0.000,200.000,0.000,1,0,0
83.900,200.000,200.000,0.000,200.000,0.000,1,0,0
84.000,200.000,200.000,0.000,200.000,0.000,1,0,0
84.100,200.000,200.000,0.000,200.000,0.000,1,0,0
84.200,200.000,200.000,0.000,200.000,0.000,1,0,0
84.300,200.000,200.000,0.000,200.000,0.000,1,0,0
84.400,200.000,200.000,0.000,200.000,0.000,1,0,0
84.500,200.000,200.000,0.000,200.000,0.000,1,0,0
84.600,200.000,200.000,0.000,200.000,0.000,1,0,0
84.700,200.000,200.000,0.000,200.000,0.000,1,0,0
84.800,200.000,200.000,0.000,200.000,0.000,1,0,0
84.900,200.000,200.000,0.000,200.000,0.000,1,0,0
85.000,200.000,200.000,0.000,200.000,0.000,1,0,0
85.100,200.000,200.000,0.000,200.000,0.000,1,0,0
85.200,200.000,200.000,0.000,200.000,0.000,1,0,0
85.300,200.000,200.000,0.000,200.000,0.000,1,0,0
85.400,200.000,200.000,0.000,200.000,0.000,1,0,0
85.500,200.000,200.000,0.000,200.000,0.000,1,0,0
85.600,200.000,200.000,0.000,200.000,0.000,1,0,0
85.700,200.000,200.000,0.000,200.000,0.000,1,0,0
85.800,200.000,200.000,0.000,200.000,0.000,1,0,0
85.900,200.000,200.000,0.000,200.000,0.000,1,0,0
86.000,200.000,200.000,0.000,200.000,0.000,1,0,0
86.100,200.000,200.000,0.000,200.000,0.000,1,0,0
86.200,200.000,200.000,0.000,200.000,0.000,1,0,0
86.300,200.000,200.000,0.000,200.000,0.000,1,0,0
86.400,200.000,200.000,0.000,200.000,0.000,1,0,0
86.500,200.000,200.000,0.000,200.000,0.000,1,0,0
86.600,200.000,200.000,0.000,200.000,0.000,1,0,0
86.700,200.000,200.000,0.000,200.000,0.000,1,0,0
86.800,200.000,200.000,0.000,200.000,0.000,1,0,0
86.900,200.000,200.000,0.000,200.000,0.000,1,0,0
87.000,200.000,200.000,0.000,200.000,0.000,1,0,0
87.100,200.000,200.000,0.000,200.000,0.000,1,0,0
87.200,200.000,200.000,0.000,200.000,0.000,1,0,0
87.300,200.000,200.000,0.000,200.000,0.000,1,0,0
87.400,200.000,200.000,0.000,200.000,0.000,1,0,0
87.500,200.000,200.000,0.000,200.000,0.000,1,0,0
87.600,200.000,200.000,0.000,200.000,0.000,1,0,0
87.700,200.000,200.000,0.000,200.000,0.000,1,0,0
87.800,200.000,200.000,0.000,200.000,0.000,1,0,0
87.900,200.000,200.000,0.000,200.000,0.000,1,0,0
88.000,200.000,200.000,0.000,200.000,0.000,1,0,0
88.100,200.000,200.000,0.000,200.000,0.000,1,0,0
88.200,200.000,200.000,0.000,200.000,0.000,1,0,0
88.300,200.000,200.000,0.000,200.000,0.000,1,0,0
88.400,200.000,200.000,0.000,200.000,0.000,1,0,0
88.500,200.000,200.000,0.000,200.000,0.000,1,0,0
88.600,200.000,200.000,0.000,200.000,0.000,1,0,0
88.700,200.000,200.000,0.000,200.000,0.000,1,0,0
88.800,200.000,200.000,0.000,200.000,0.000,1,0,0
88.900,200.000,200.000,0.000,200.000,0.000,1,0,0
89.000,200.000,200.000,0.000,200.000,0.000,1,0,0
89.100,200.000,200.000,0.000,200.000,0.000,1,0,0
89.200,200.000,200.000,0.000,200.000,0.000,1,0,0
89.300,200.000,200.000,0.000,200.000,0.000,1,0,0
89.400,200.000,200.000,0.000,200.000,0.000,1,0,0
89.500,200.000,200.000,0.000,200.000,0.000,1,0,0
89.600,200.000,200.000,0.000,200.000,0.000,1,0,0
89.700,200.000,200.000,0.000,200.000,0.000,1,0,0
89.800,200.000,200.000,0.000,200.000,0.000,1,0,0
89.900,200.000,200.000,0.000,200.000,0.000,1,0,0
90.000,200.000,200.000,0.000,200.000,0.000,1,0,0
90.100,200.000,200.000,0.000,200.000,0.000,1,0,0
90.200,200.000,200.000,0.000,200.000,0.000,1,0,0
90.300,200.000,200.000,0.000,200.000,0.000,1,0,0
90.400,200.000,200.000,0.000,200.000,0.000,1,0,0
90.500,200.000,200.000,0.000,200.000,0.000,1,0,0
90.600,200.000,200.000,0.000,200.000,0.000,1,0,0
90.700,200.000,200.000,0.000,200.000,0.000,1,0,0
90.800,200.000,200.000,0.000,200.000,0.000,1,0,0
90.900,200.000,200.000,0.000,200.000,0.000,1,0,0
91.000,200.000,200.000,0.000,200.000,0.000,1,0,0
91.100,200.000,200.000,0.000,200.000,0.000,1,0,0
91.200,200.000,200.000,0.000,200.000,0.000,1,0,0
91.300,200.000,200.000,0.000,200.000,0.000,1,0,0
91.400,200.000,200.000,0.000,200.000,0.000,1,0,0
91.500,200.000,200.000,0.000,200.000,0.000,1,0,0
91.600,200.000,200.000,0.000,200.000,0.000,1,0,0
91.700,200.000,200.000,0.000,200.000,0.000,1,0,0
91.800,200.000,200.000,0.000,200.000,0.000,1,0,0
91.900,200.000,200.000,0.000,200.000,0.000,1,0,0
92.000,200.000,200.000,0.000,200.000,0.000,1,0,0
92.100,200.000,200.000,0.000,200.000,0.000,1,0,0
92.200,200.000,200.000,0.000,200.000,0.000,1,0,0
92.300,200.000,200.000,0.000,200.000,0.000,1,0,0
92.400,200.000,200.000,0.000,200.000,0.000,1,0,0
92.500,200.000,200.000,0.000,200.000,0.000,1,0,0
92.600,200.000,200.000,0.000,200.000,0.000,1,0,0
92.700,200.000,200.000,0.000,200.000,0.000,1,0,0
92.800,200.000,200.000,0.000,200.000,0.000,1,0,0
92.900,200.000,200.000,0.000,200.000,0.000,1,0,0
93.000,200.000,200.000,0.000,200.000,0.000,1,0,0
93.100,200.000,200.000,0.000,200.000,0.000,1,0,0
93.200,200.000,200.000,0.000,200.000,0.000,1,0,0
93.300,200.000,200.000,0.000,200.000,0.000,1,0,0
93.400,200.000,200.000,0.000,200.000,0.000,1,0,0
93.500,200.000,200.000,0.000,200.000,0.000,1,0,0
93.600,200.000,200.000,0.000,200.000,0.000,1,0,0
93.700,200.000,200.000,0.000,200.000,0.000,1,0,0
93.800,200.000,200.000,0.000,200.000,0.000,1,0,0
93.900,200.000,200.000,0.000,200.000,0.000,1,0,0
94.000,200.000,200.000,0.000,200.000,0.000,1,0,0
94.100,200.000,200.000,0.000,200.000,0.000,1,0,0
94.200,200.000,200.000,0.000,200.000,0.000,1,0,0
94.300,200.000,200.000,0.000,200.000,0.000,1,0,0
94.400,200.000,200.000,0.000,200.000,0.000,1,0,0
94.500,200.000,200.000,0.000,200.000,0.000,1,0,0
94.600,200.000,200.000,0.000,200.000,0.000,1,0,0
94.700,200.000,200.000,0.000,200.000,0.000,1,0,0
94.800,200.000,200.000,0.000,200.000,0.000,1,0,0
94.900,200.000,200.000,0.000,200.000,0.000,1,0,0
95.000,200.000,200.000,0.000,200.000,0.000,1,0,0
95.100,200.000,200.000,0.000,200.000,0.000,1,0,0
95.200,200.000,200.000,0.000,200.000,0.000,1,0,0
95.300,200.000,200.000,0.000,200.000,0.000,1,0,0
95.400,200.000,200.000,0.000,200.000,0.000,1,0,0
95.500,200.000,200.000,0.000,200.000,0.000,1,0,0
95.600,200.000,200.000,0.000,200.000,0.000,1,0,0
95.700,200.000,200.000,0.000,200.000,0.000,1,0,0
95.800,200.000,200.000,0.000,200.000,0.000,1,0,0
95.900,200.000,200.000,0.000,200.000,0.000,1,0,0
96.000,200.000,200.000,0.000,200.000,0.000,1,0,0
96.100,200.000,200.000,0.000,200.000,0.000,1,0,0
96.200,200.000,200.000,0.000,200.000,0.000,1,0,0
96.300,200.000,200.000,0.000,200.000,0.000,1,0,0
96.400,200.000,200.000,0.000,200.000,0.000,1,0,0
96.500,200.000,200.000,0.000,200.000,0.000,1,0,0
96.600,200.000,200.000,0.000,200.000,0.000,1,0,0
96.700,200.000,200.000,0.000,200.000,0.000,1,0,0
96.800,200.000,200.000,0.000,200.000,0.000,1,0,0
96.900,200.000,200.000,0.000,200.000,0.000,1,0,0
97.000,200.000,200.000,0.000,200.000,0.000,1,0,0
97.100,200.000,200.000,0.000,200.000,0.000,1,0,0
97.200,200.000,200.000,0.000,200.000,0.000,1,0,0
97.300,200.000,200.000,0.000,200.000,0.000,1,0,0
97.400,200.000,200.000,0.000,200.000,0.000,1,0,0
97.500,200.000,200.000,0.000,200.000,0.000,1,0,0
97.600,200.000,200.000,0.000,200.000,0.000,1,0,0
97.700,200.000,200.000,0.000,200.000,0.000,1,0,0
97.800,200.000,200.000,0.000,200.000,0.000,1,0,0
97.900,200.000,200.000,0.000,200.000,0.000,1,0,0
98.000,200.000,200.000,0.000,200.000,0.000,1,0,0
98.100,200.000,200.000,0.000,200.000,0.000,1,0,0
98.200,200.000,200.000,0.000,200.000,0.000,1,0,0
98.300,200.000,200.000,0.000,200.000,0.000,1,0,0
98.400,200.000,200.000,0.000,200.000,0.000,1,0,0
98.500,200.000,200.000,0.000,200.000,0.000,1,0,0
98.600,200.000,200.000,0.000,200.000,0.000,1,0,0
98.700,200.000,200.000,0.000,200.000,0.000,1,0,0
98.800,200.000,200.000,0.000,200.000,0.000,1,0,0
98.900,200.000,200.000,0.000,200.000,0.000,1,0,0
99.000,200.000,200.000,0.000,200.000,0.000,1,0,0
99.100,200.000,200.000,0.000,200.000,0.000,1,0,0
99.200,200.000,200.000,0.000,200.000,0.000,1,0,0
99.300,200.000,200.000,0.000,200.000,0.000,1,0,0
99.400,200.000,200.000,0.000,200.000,0.000,1,0,0
99.500,200.000,200.000,0.000,200.000,0.000,1,0,0
99.600,200.000,200.000,0.000,200.000,0.000,1,0,0
99.700,200.000,200.000,0.000,200.000,0.000,1,0,0
99.800,200.000,200.000,0.000,200.000,0.000,1,0,0
99.900,200.000,200.000,0.000,200.000,0.000,1,0,0
100.000,200.000,200.000,0.000,200.000,0.000,1,0,0
100.100,200.000,200.000,0.000,200.000,0.000,1,0,0
100.200,200.000,200.000,0.000,200.000,0.000,1,0,0
100.300,200.000,200.000,0.000,200.000,0.000,1,0,0
100.400,200.000,200.000,0.000,200.000,0.000,1,0,0
100.500,200.000,200.000,0.000,200.000,0.000,1,0,0
100.600,200.000,200.000,0.000,200.000,0.000,1,0,0
100.700,200.000,200.000,0.000,200.000,0.000,1,0,0
100.800,200.000,200.000,0.000,200.000,0.000,1,0,0
100.900,200.000,200.000,0.000,200.000,0.000,1,0,0
101.000,200.000,200.000,0.000,200.000,0.000,1,0,0
101.100,200.000,200.000,0.000,200.000,0.000,1,0,0
101.200,200.000,200.000,0.000,200.000,0.000,1,0,0
101.300,200.000,200.000,0.000,200.000,0.000,1,0,0
101.400,200.000,200.000,0.000,200.000,0.000,1,0,0
101.500,200.000,200.000,0.000,200.000,0.000,1,0,0
101.600,200.000,200.000,0.000,200.000,0.000,1,0,0
101.700,200.000,200.000,0.000,200.000,0.000,1,0,0
101.800,200.000,200.000,0.000,200.000,0.000,1,0,0
101.900,200.000,200.000,0.000,200.000,0.000,1,0,0
102.000,200.000,200.000,0.000,200.000,0.000,1,0,0
102.100,200.000,200.000,0.000,200.000,0.000,1,0,0
102.200,200.000,200.000,0.000,200.000,0.000,1,0,0
102.300,200.000,200.000,0.000,200.000,0.000,1,0,0
102.400,200.000,200.000,0.000,200.000,0.000,1,0,0
102.500,200.000,200.000,0.000,200.000,0.000,1,0,0
102.600,200.000,200.000,0.000,200.000,0.000,1,0,0
102.700,200.000,200.000,0.000,200.000,0.000,1,0,0
102.800,200.000,200.000,0.000,200.000,0.000,1,0,0
102.900,200.000,200.000,0.000,200.000,0.000,1,0,0
103.000,200.000,200.000,0.000,200.000,0.000,1,0,0
103.100,200.000,200.000,0.000,200.000,0.000,1,0,0
103.200,200.000,200.000,0.000,200.000,0.000,1,0,0
103.300,200.000,200.000,0.000,200.000,0.000,1,0,0
103.400,200.000,200.000,0.000,200.000,0.000,1,0,0
103.500,200.000,200.000,0.000,200.000,0.000,1,0,0
103.600,200.000,200.000,0.000,200.000,0.000,1,0,0
103.700,200.000,200.000,0.000,200.000,0.000,1,0,0
103.800,200.000,200.000,0.000,200.000,0.000,1,0,0
103.900,200.000,200.000,0.000,200.000,0.000,1,0,0
104.000,200.000,200.000,0.000,200.000,0.000,1,0,0
104.100,200.000,200.000,0.000,200.000,0.000,1,0,0
104.200,200.000,200.000,0.000,200.000,0.000,1,0,0
104.300,200.000,200.000,0.000,200.000,0.000,1,0,0
104.400,200.000,200.000,0.000,200.000,0.000,1,0,0
104.500,200.000,200.000,0.000,200.000,0.000,1,0,0
104.600,200.000,200.000,0.000,200.000,0.000,1,0,0
104.700,200.000,200.000,0.000,200.000,0.000,1,0,0
104.800,200.000,200.000,0.000,200.000,0.000,1,0,0
104.900,200.000,200.000,0.000,200.000,0.000,1,0,0
105.000,200.000,200.000,0.000,200.000,0.000,1,0,0
105.100,450.000,450.000,0.000,200.250,0.000,1,0,0
105.200,450.000,450.000,0.000,200.500,0.000,1,0,0
105.300,450.000,450.000,0.000,200.750,0.000,1,0,0
105.400,450.000,450.000,0.000,201.000,0.000,1,0,0
105.500,450.000,450.000,0.000,201.250,0.000,1,0,0
105.600,450.000,450.000,0.000,201.500,0.000,1,0,0
105.700,450.000,450.000,0.000,201.750,0.000,1,0,0
105.800,450.000,450.000,0.000,202.000,0.000,1,0,0
105.900,450.000,450.000,0.000,202.250,0.000,1,0,0
106.000,450.000,450.000,0.000,202.500,0.000,1,0,0
106.100,450.000,450.000,0.000,202.750,0.000,1,0,0
106.200,450.000,450.000,0.000,203.000,0.000,1,0,0
106.300,450.000,450.000,0.000,203.250,0.000,1,0,0
106.400,450.000,450.000,0.000,203.500,0.000,1,0,0
106.500,450.000,450.000,0.000,203.750,0.000,1,0,0
106.600,450.000,450.000,0.000,204.000,0.000,1,0,0
106.700,450.000,450.000,0.000,204.250,0.000,1,0,0
106.800,450.000,450.000,0.000,204.500,0.000,1,0,0
106.900,450.000,450.000,0.000,204.750,0.000,1,0,0
107.000,450.000,450.000,0.000,205.000,0.000,1,0,0
107.100,450.000,450.000,0.000,205.250,0.000,1,0,0
107.200,450.000,450.000,0.000,205.500,0.000,1,0,0
107.300,450.000,450.000,0.000,205.750,0.000,1,0,0
107.400,450.000,450.000,0.000,206.000,0.000,1,0,0
107.500,450.000,450.000,0.000,206.250,0.000,1,0,0
107.600,450.000,450.000,0.000,206.500,0.000,1,0,0
107.700,450.000,450.000,0.000,206.750,0.000,1,0,0
107.800,450.000,450.000,0.000,207.000,0.000,1,0,0
107.900,450.000,450.000,0.000,207.250,0.000,1,0,0
108.000,450.000,450.000,0.000,207.500,0.000,1,0,0
108.100,450.000,450.000,0.000,207.750,0.000,1,0,0
108.200,450.000,450.000,0.000,208.000,0.000,1,0,0
108.300,450.000,450.000,0.000,208.250,0.000,1,0,0
108.400,450.000,450.000,0.000,208.500,0.000,1,0,0
108.500,450.000,450.000,0.000,208.750,0.000,1,0,0
108.600,450.000,450.000,0.000,209.000,0.000,1,0,0
108.700,450.000,450.000,0.000,209.250,0.000,1,0,0
108.800,450.000,450.000,0.000,209.500,0.000,1,0,0
108.900,450.000,450.000,0.000,209.750,0.000,1,0,0
109.000,450.000,450.000,0.000,210.000,0.000,1,0,0
109.100,450.000,450.000,0.000,210.250,0.000,1,0,0
109.200,450.000,450.000,0.000,210.500,0.000,1,0,0
109.300,450.000,450.000,0.000,210.750,0.000,1,0,0
109.400,450.000,450.000,0.000,211.000,0.000,1,0,0
109.500,450.000,450.000,0.000,211.250,0.000,1,0,0
109.600,450.000,450.000,0.000,211.500,0.000,1,0,0
109.700,450.000,450.000,0.000,211.750,0.000,1,0,0
109.800,450.000,450.000,0.000,212.000,0.000,1,0,0
109.900,450.000,450.000,0.000,212.250,0.000,1,0,0
110.000,450.000,450.000,0.000,212.500,0.000,1,0,0
110.100,450.000,450.000,0.000,212.750,0.000,1,0,0
110.200,450.000,450.000,0.000,213.000,0.000,1,0,0
110.300,450.000,450.000,0.000,213.250,0.000,1,0,0
110.400,450.000,450.000,0.000,213.500,0.000,1,0,0
110.500,450.000,450.000,0.000,213.750,0.000,1,0,0
110.600,450.000,450.000,0.000,214.000,0.000,1,0,0
110.700,450.000,450.000,0.000,214.250,0.000,1,0,0
110.800,450.000,450.000,0.000,214.500,0.000,1,0,0
110.900,450.000,450.000,0.000,214.750,0.000,1,0,0
111.000,450.000,450.000,0.000,215.000,0.000,1,0,0
111.100,450.000,450.000,0.000,215.250,0.000,1,0,0
111.200,450.000,450.000,0.000,215.500,0.000,1,0,0
111.300,450.000,450.000,0.000,215.750,0.000,1,0,0
111.400,450.000,450.000,0.000,216.000,0.000,1,0,0
111.500,450.000,450.000,0.000,216.250,0.000,1,0,0
111.600,450.000,450.000,0.000,216.500,0.000,1,0,0
111.700,450.000,450.000,0.000,216.750,0.000,1,0,0
111.800,450.000,450.000,0.000,217.000,0.000,1,0,0
111.900,450.000,450.000,0.000,217.250,0.000,1,0,0
112.000,450.000,450.000,0.000,217.500,0.000,1,0,0
112.100,450.000,450.000,0.000,217.750,0.000,1,0,0
112.200,450.000,450.000,0.000,218.000,0.000,1,0,0
112.300,450.000,450.000,0.000,218.250,0.000,1,0,0
112.400,450.000,450.000,0.000,218.500,0.000,1,0,0
112.500,450.000,450.000,0.000,218.750,0.000,1,0,0
112.600,450.000,450.000,0.000,219.000,0.000,1,0,0
112.700,450.000,450.000,0.000,219.250,0.000,1,0,0
112.800,450.000,450.000,0.000,219.500,0.000,1,0,0
112.900,450.000,450.000,0.000,219.750,0.000,1,0,0
113.000,450.000,450.000,0.000,220.000,0.000,1,0,0
113.100,450.000,450.000,0.000,220.250,0.000,1,0,0
113.200,450.000,450.000,0.000,220.500,0.000,1,0,0
113.300,450.000,450.000,0.000,220.750,0.000,1,0,0
113.400,450.000,450.000,0.000,221.000,0.000,1,0,0
113.500,450.000,450.000,0.000,221.250,0.000,1,0,0
113.600,450.000,450.000,0.000,221.500,0.000,1,0,0
113.700,450.000,450.000,0.000,221.750,0.000,1,0,0
113.800,450.000,450.000,0.000,222.000,0.000,1,0,0
113.900,450.000,450.000,0.000,222.250,0.000,1,0,0
114.000,450.000,450.000,0.000,222.500,0.000,1,0,0
114.100,450.000,450.000,0.000,222.750,0.000,1,0,0
114.200,450.000,450.000,0.000,223.000,0.000,1,0,0
114.300,450.000,450.000,0.000,223.250,0.000,1,0,0
114.400,450.000,450.000,0.000,223.500,0.000,1,0,0
114.500,450.000,450.000,0.000,223.750,0.000,1,0,0
114.600,450.000,450.000,0.000,224.000,0.000,1,0,0
114.700,450.000,450.000,0.000,224.250,0.000,1,0,0
114.800,450.000,450.000,0.000,224.500,0.000,1,0,0
114.900,450.000,450.000,0.000,224.750,0.000,1,0,0
115.000,450.000,450.000,0.000,225.000,0.000,1,0,0
115.100,450.000,450.000,0.000,225.250,0.000,1,0,0
115.200,450.000,450.000,0.000,225.500,0.000,1,0,0
115.300,450.000,450.000,0.000,225.750,0.000,1,0,0
115.400,450.000,450.000,0.000,226.000,0.000,1,0,0
115.500,450.000,450.000,0.000,226.250,0.000,1,0,0
115.600,450.000,450.000,0.000,226.500,0.000,1,0,0
115.700,450.000,450.000,0.000,226.750,0.000,1,0,0
115.800,450.000,450.000,0.000,227.000,0.000,1,0,0
115.900,450.000,450.000,0.000,227.250,0.000,1,0,0
116.000,450.000,450.000,0.000,227.500,0.000,1,0,0
116.100,450.000,450.000,0.000,227.750,0.000,1,0,0
116.200,450.000,450.000,0.000,228.000,0.000,1,0,0
116.300,450.000,450.000,0.000,228.250,0.000,1,0,0
116.400,450.000,450.000,0.000,228.500,0.000,1,0,0
116.500,450.000,450.000,0.000,228.750,0.000,1,0,0
116.600,450.000,450.000,0.000,229.000,0.000,1,0,0
116.700,450.000,450.000,0.000,229.250,0.000,1,0,0
116.800,450.000,450.000,0.000,229.500,0.000,1,0,0
116.900,450.000,450.000,0.000,229.750,0.000,1,0,0
117.000,450.000,450.000,0.000,230.000,0.000,1,0,0
117.100,450.000,450.000,0.000,230.250,0.000,1,0,0
117.200,450.000,450.000,0.000,230.500,0.000,1,0,0
117.300,450.000,450.000,0.000,230.750,0.000,1,0,0
117.400,450.000,450.000,0.000,231.000,0.000,1,0,0
117.500,450.000,450.000,0.000,231.250,0.000,1,0,0
117.600,450.000,450.000,0.000,231.500,0.000,1,0,0
117.700,450.000,450.000,0.000,231.750,0.000,1,0,0
117.800,450.000,450.000,0.000,232.000,0.000,1,0,0
117.900,450.000,450.000,0.000,232.250,0.000,1,0,0
118.000,450.000,450.000,0.000,232.500,0.000,1,0,0
118.100,450.000,450.000,0.000,232.750,0.000,1,0,0
118.200,450.000,450.000,0.000,233.000,0.000,1,0,0
118.300,450.000,450.000,0.000,233.250,0.000,1,0,0
118.400,450.000,450.000,0.000,233.500,0.000,1,0,0
118.500,450.000,450.000,0.000,233.750,0.000,1,0,0
118.600,450.000,450.000,0.000,234.000,0.000,1,0,0
118.700,450.000,450.000,0.000,234.250,0.000,1,0,0
118.800,450.000,450.000,0.000,234.500,0.000,1,0,0
118.900,450.000,450.000,0.000,234.750,0.000,1,0,0
119.000,450.000,450.000,0.000,235.000,0.000,1,0,0
119.100,450.000,450.000,0.000,235.250,0.000,1,0,0
119.200,450.000,450.000,0.000,235.500,0.000,1,0,0
119.300,450.000,450.000,0.000,235.750,0.000,1,0,0
119.400,450.000,450.000,0.000,236.000,0.000,1,0,0
119.500,450.000,450.000,0.000,236.250,0.000,1,0,0
119.600,450.000,450.000,0.000,236.500,0.000,1,0,0
119.700,450.000,450.000,0.000,236.750,0.000,1,0,0
119.800,450.000,450.000,0.000,237.000,0.000,1,0,0
119.900,450.000,450.000,0.000,237.250,0.000,1,0,0
120.000,450.000,450.000,0.000,237.500,0.000,1,0,0
120.100,450.000,450.000,0.000,237.750,0.000,1,0,0
120.200,450.000,450.000,0.000,238.000,0.000,1,0,0
120.300,450.000,450.000,0.000,238.250,0.000,1,0,0
120.400,450.000,450.000,0.000,238.500,0.000,1,0,0
120.500,450.000,450.000,0.000,238.750,0.000,1,0,0
120.600,450.000,450.000,0.000,239.000,0.000,1,0,0
120.700,450.000,450.000,0.000,239.250,0.000,1,0,0
120.800,450.000,450.000,0.000,239.500,0.000,1,0,0
120.900,450.000,450.000,0.000,239.750,0.000,1,0,0
121.000,450.000,450.000,0.000,240.000,0.000,1,0,0
121.100,450.000,450.000,0.000,240.250,0.000,1,0,0
121.200,450.000,450.000,0.000,240.500,0.000,1,0,0
121.300,450.000,450.000,0.000,240.750,0.000,1,0,0
121.400,450.000,450.000,0.000,241.000,0.000,1,0,0
121.500,450.000,450.000,0.000,241.250,0.000,1,0,0
121.600,450.000,450.000,0.000,241.500,0.000,1,0,0
121.700,450.000,450.000,0.000,241.750,0.000,1,0,0
121.800,450.000,450.000,0.000,242.000,0.000,1,0,0
121.900,450.000,450.000,0.000,242.250,0.000,1,0,0
122.000,450.000,450.000,0.000,242.500,0.000,1,0,0
122.100,450.000,450.000,0.000,242.750,0.000,1,0,0
122.200,450.000,450.000,0.000,243.000,0.000,1,0,0
122.300,450.000,450.000,0.000,243.250,0.000,1,0,0
122.400,450.000,450.000,0.000,243.500,0.000,1,0,0
122.500,450.000,450.000,0.000,243.750,0.000,1,0,0
122.600,450.000,450.000,0.000,244.000,0.000,1,0,0
122.700,450.000,450.000,0.000,244.250,0.000,1,0,0
122.800,450.000,450.000,0.000,244.500,0.000,1,0,0
122.900,450.000,450.000,0.000,244.750,0.000,1,0,0
123.000,450.000,450.000,0.000,245.000,0.000,1,0,0
123.100,450.000,450.000,0.000,245.250,0.000,1,0,0
123.200,450.000,450.000,0.000,245.500,0.000,1,0,0
123.300,450.000,450.000,0.000,245.750,0.000,1,0,0
123.400,450.000,450.000,0.000,246.000,0.000,1,0,0
123.500,450.000,450.000,0.000,246.250,0.000,1,0,0
123.600,450.000,450.000,0.000,246.500,0.000,1,0,0
123.700,450.000,450.000,0.000,246.750,0.000,1,0,0
123.800,450.000,450.000,0.000,247.000,0.000,1,0,0
123.900,450.000,450.000,0.000,247.250,0.000,1,0,0
124.000,450.000,450.000,0.000,247.500,0.000,1,0,0
124.100,450.000,450.000,0.000,247.750,0.000,1,0,0
124.200,450.000,450.000,0.000,248.000,0.000,1,0,0
124.300,450.000,450.000,0.000,248.250,0.000,1,0,0
124.400,450.000,450.000,0.000,248.500,0.000,1,0,0
124.500,450.000,450.000,0.000,248.750,0.000,1,0,0
124.600,450.000,450.000,0.000,249.000,0.000,1,0,0
124.700,450.000,450.000,0.000,249.250,0.000,1,0,0
124.800,450.000,450.000,0.000,249.500,0.000,1,0,0
124.900,450.000,450.000,0.000,249.750,0.000,1,0,0
125.000,450.000,450.000,0.000,250.000,0.000,1,0,0
125.100,450.000,450.000,0.000,250.250,0.000,1,0,0
125.200,450.000,450.000,5.000,250.500,5.000,1,0,1
125.300,450.000,445.000,10.000,250.745,10.000,1,0,1
125.400,450.000,440.000,15.000,250.985,15.000,1,0,1
125.500,450.000,435.000,20.000,251.220,20.000,1,0,1
125.600,450.000,430.000,25.000,251.450,25.000,1,0,1
125.700,450.000,425.000,30.000,251.675,30.000,1,0,1
125.800,450.000,420.000,35.000,251.895,35.000,1,0,1
125.900,450.000,415.000,40.000,252.110,40.000,1,0,1
126.000,450.000,410.000,45.000,252.320,45.000,1,0,1
126.100,450.000,405.000,50.000,252.525,50.000,1,0,1
126.200,450.000,400.000,55.000,252.725,55.000,1,0,1
126.300,450.000,395.000,60.000,252.920,60.000,1,0,1
126.400,450.000,390.000,65.000,253.110,65.000,1,0,1
126.500,450.000,385.000,70.000,253.295,70.000,1,0,1
126.600,450.000,380.000,75.000,253.475,75.000,1,0,1
126.700,450.000,375.000,80.000,253.650,80.000,1,0,1
126.800,450.000,370.000,85.000,253.820,85.000,1,0,1
126.900,450.000,365.000,90.000,253.985,90.000,1,0,1
127.000,450.000,360.000,95.000,254.145,95.000,1,0,1
127.100,450.000,355.000,100.000,254.300,100.000,1,0,1
127.200,450.000,350.000,105.000,254.450,105.000,1,0,1
127.300,450.000,345.000,110.000,254.595,110.000,1,0,1
127.400,450.000,340.000,115.000,254.735,115.000,1,0,1
127.500,450.000,335.000,120.000,254.870,120.000,1,0,1
127.600,450.000,330.000,125.000,255.000,125.000,1,0,1
127.700,450.000,325.000,130.000,255.125,130.000,1,0,1
127.800,450.000,320.000,135.000,255.245,135.000,1,0,1
127.900,450.000,315.000,140.000,255.360,140.000,1,0,1
128.000,450.000,310.000,145.000,255.470,145.000,1,0,1
128.100,450.000,305.000,150.000,255.575,150.000,1,0,1
128.200,450.000,300.000,150.000,255.675,150.000,1,0,1
128.300,450.000,300.000,150.000,255.775,150.000,1,0,1
128.400,450.000,300.000,150.000,255.875,150.000,1,0,1
128.500,450.000,300.000,150.000,255.975,150.000,1,0,1
128.600,450.000,300.000,150.000,256.075,150.000,1,0,1
128.700,450.000,300.000,150.000,256.175,150.000,1,0,1
128.800,450.000,300.000,150.000,256.275,150.000,1,0,1
128.900,450.000,300.000,150.000,256.375,150.000,1,0,1
129.000,450.000,300.000,150.000,256.475,150.000,1,0,1
129.100,450.000,300.000,150.000,256.575,150.000,1,0,1
129.200,450.000,300.000,150.000,256.675,150.000,1,0,1
129.300,450.000,300.000,150.000,256.775,150.000,1,0,1
129.400,450.000,300.000,150.000,256.875,150.000,1,0,1
129.500,450.000,300.000,150.000,256.975,150.000,1,0,1
129.600,450.000,300.000,150.000,257.075,150.000,1,0,1
129.700,450.000,300.000,150.000,257.175,150.000,1,0,1
129.800,450.000,300.000,150.000,257.275,150.000,1,0,1
129.900,450.000,300.000,150.000,257.375,150.000,1,0,1
130.000,450.000,300.000,150.000,257.475,150.000,1,0,1
130.100,450.000,300.000,150.000,257.575,150.000,1,0,1
130.200,450.000,300.000,150.000,257.675,150.000,1,0,1
130.300,450.000,300.000,150.000,257.775,150.000,1,0,1
130.400,450.000,300.000,150.000,257.875,150.000,1,0,1
130.500,450.000,300.000,150.000,257.975,150.000,1,0,1
130.600,450.000,300.000,150.000,258.075,150.000,1,0,1
130.700,450.000,300.000,150.000,258.175,150.000,1,0,1
130.800,450.000,300.000,150.000,258.275,150.000,1,0,1
130.900,450.000,300.000,150.000,258.375,150.000,1,0,1
131.000,450.000,300.000,150.000,258.475,150.000,1,0,1
131.100,450.000,300.000,150.000,258.575,150.000,1,0,1
131.200,450.000,300.000,150.000,258.675,150.000,1,0,1
131.300,450.000,300.000,150.000,258.775,150.000,1,0,1
131.400,450.000,300.000,150.000,258.875,150.000,1,0,1
131.500,450.000,300.000,150.000,258.975,150.000,1,0,1
131.600,450.000,300.000,150.000,259.075,150.000,1,0,1
131.700,450.000,300.000,150.000,259.175,150.000,1,0,1
131.800,450.000,300.000,150.000,259.275,150.000,1,0,1
131.900,450.000,300.000,150.000,259.375,150.000,1,0,1
132.000,450.000,300.000,150.000,259.475,150.000,1,0,1
132.100,450.000,300.000,150.000,259.575,150.000,1,0,1
132.200,450.000,300.000,150.000,259.675,150.000,1,0,1
132.300,450.000,300.000,150.000,259.775,150.000,1,0,1
132.400,450.000,300.000,150.000,259.875,150.000,1,0,1
132.500,450.000,300.000,150.000,259.975,150.000,1,0,1
132.600,450.000,300.000,150.000,260.075,150.000,1,0,1
132.700,450.000,300.000,150.000,260.175,150.000,1,0,1
132.800,450.000,300.000,150.000,260.275,150.000,1,0,1
132.900,450.000,300.000,150.000,260.375,150.000,1,0,1
133.000,450.000,300.000,150.000,260.475,150.000,1,0,1
133.100,450.000,300.000,150.000,260.575,150.000,1,0,1
133.200,450.000,300.000,150.000,260.675,150.000,1,0,1
133.300,450.000,300.000,150.000,260.775,150.000,1,0,1
133.400,450.000,300.000,150.000,260.875,150.000,1,0,1
133.500,450.000,300.000,150.000,260.975,150.000,1,0,1
133.600,450.000,300.000,150.000,261.075,150.000,1,0,1
133.700,450.000,300.000,150.000,261.175,150.000,1,0,1
133.800,450.000,300.000,150.000,261.275,150.000,1,0,1
133.900,450.000,300.000,150.000,261.375,150.000,1,0,1
134.000,450.000,300.000,150.000,261.475,150.000,1,0,1
134.100,450.000,300.000,150.000,261.575,150.000,1,0,1
134.200,450.000,300.000,150.000,261.675,150.000,1,0,1
134.300,450.000,300.000,150.000,261.775,150.000,1,0,1
134.400,450.000,300.000,150.000,261.875,150.000,1,0,1
134.500,450.000,300.000,150.000,261.975,150.000,1,0,1
134.600,450.000,300.000,150.000,262.075,150.000,1,0,1
134.700,450.000,300.000,150.000,262.175,150.000,1,0,1
134.800,450.000,300.000,150.000,262.275,150.000,1,0,1
134.900,450.000,300.000,150.000,262.375,150.000,1,0,1
135.000,450.000,300.000,150.000,262.475,150.000,1,0,1
135.100,450.000,300.000,150.000,262.575,150.000,1,0,1
135.200,450.000,300.000,150.000,262.675,150.000,1,0,1
135.300,450.000,300.000,150.000,262.775,150.000,1,0,1
135.400,450.000,300.000,150.000,262.875,150.000,1,0,1
135.500,450.000,300.000,150.000,262.975,150.000,1,0,1
135.600,450.000,300.000,150.000,263.075,150.000,1,0,1
135.700,450.000,300.000,150.000,263.175,150.000,1,0,1
135.800,450.000,300.000,150.000,263.275,150.000,1,0,1
135.900,450.000,300.000,150.000,263.375,150.000,1,0,1
136.000,450.000,300.000,150.000,263.475,150.000,1,0,1
136.100,450.000,300.000,150.000,263.575,150.000,1,0,1
136.200,450.000,300.000,150.000,263.675,150.000,1,0,1
136.300,450.000,300.000,150.000,263.775,150.000,1,0,1
136.400,450.000,300.000,150.000,263.875,150.000,1,0,1
136.500,450.000,300.000,150.000,263.975,150.000,1,0,1
136.600,450.000,300.000,150.000,264.075,150.000,1,0,1
136.700,450.000,300.000,150.000,264.175,150.000,1,0,1
136.800,450.000,300.000,150.000,264.275,150.000,1,0,1
136.900,450.000,300.000,150.000,264.375,150.000,1,0,1
137.000,450.000,300.000,150.000,264.475,150.000,1,0,1
137.100,450.000,300.000,150.000,264.575,150.000,1,0,1
137.200,450.000,300.000,150.000,264.675,150.000,1,0,1
137.300,450.000,300.000,150.000,264.775,150.000,1,0,1
137.400,450.000,300.000,150.000,264.875,150.000,1,0,1
137.500,450.000,300.000,150.000,264.975,150.000,1,0,1
137.600,450.000,300.000,150.000,265.075,150.000,1,0,1
137.700,450.000,300.000,150.000,265.175,150.000,1,0,1
137.800,450.000,300.000,150.000,265.275,150.000,1,0,1
137.900,450.000,300.000,150.000,265.375,150.000,1,0,1
138.000,450.000,300.000,150.000,265.475,150.000,1,0,1
138.100,450.000,300.000,150.000,265.575,150.000,1,0,1
138.200,450.000,300.000,150.000,265.675,150.000,1,0,1
138.300,450.000,300.000,150.000,265.775,150.000,1,0,1
138.400,450.000,300.000,150.000,265.875,150.000,1,0,1
138.500,450.000,300.000,150.000,265.975,150.000,1,0,1
138.600,450.000,300.000,150.000,266.075,150.000,1,0,1
138.700,450.000,300.000,150.000,266.175,150.000,1,0,1
138.800,450.000,300.000,150.000,266.275,150.000,1,0,1
138.900,450.000,300.000,150.000,266.375,150.000,1,0,1
139.000,450.000,300.000,150.000,266.475,150.000,1,0,1
139.100,450.000,300.000,150.000,266.575,150.000,1,0,1
139.200,450.000,300.000,150.000,266.675,150.000,1,0,1
139.300,450.000,300.000,150.000,266.775,150.000,1,0,1
139.400,450.000,300.000,150.000,266.875,150.000,1,0,1
139.500,450.000,300.000,150.000,266.975,150.000,1,0,1
139.600,450.000,300.000,150.000,267.075,150.000,1,0,1
139.700,450.000,300.000,150.000,267.175,150.000,1,0,1
139.800,450.000,300.000,150.000,267.275,150.000,1,0,1
139.900,450.000,300.000,150.000,267.375,150.000,1,0,1
140.000,450.000,300.000,150.000,267.475,150.000,1,0,1
140.100,450.000,300.000,150.000,267.575,150.000,1,0,1
140.200,450.000,300.000,150.000,267.675,150.000,1,0,1
140.300,450.000,300.000,150.000,267.775,150.000,1,0,1
140.400,450.000,300.000,150.000,267.875,150.000,1,0,1
140.500,450.000,300.000,150.000,267.975,150.000,1,0,1
140.600,450.000,300.000,150.000,268.075,150.000,1,0,1
140.700,450.000,300.000,150.000,268.175,150.000,1,0,1
140.800,450.000,300.000,150.000,268.275,150.000,1,0,1
140.900,450.000,300.000,150.000,268.375,150.000,1,0,1
141.000,450.000,300.000,150.000,268.475,150.000,1,0,1
141.100,450.000,300.000,150.000,268.575,150.000,1,0,1
141.200,450.000,300.000,150.000,268.675,150.000,1,0,1
141.300,450.000,300.000,150.000,268.775,150.000,1,0,1
141.400,450.000,300.000,150.000,268.875,150.000,1,0,1
141.500,450.000,300.000,150.000,268.975,150.000,1,0,1
141.600,450.000,300.000,150.000,269.075,150.000,1,0,1
141.700,450.000,300.000,150.000,269.175,150.000,1,0,1
141.800,450.000,300.000,150.000,269.275,150.000,1,0,1
141.900,450.000,300.000,150.000,269.375,150.000,1,0,1
142.000,450.000,300.000,150.000,269.475,150.000,1,0,1
142.100,450.000,300.000,150.000,269.575,150.000,1,0,1
142.200,450.000,300.000,150.000,269.675,150.000,1,0,1
142.300,450.000,300.000,150.000,269.775,150.000,1,0,1
142.400,450.000,300.000,150.000,269.875,150.000,1,0,1
142.500,450.000,300.000,150.000,269.975,150.000,1,0,1
142.600,450.000,300.000,150.000,270.075,150.000,1,0,1
142.700,450.000,300.000,150.000,270.175,150.000,1,0,1
142.800,450.000,300.000,150.000,270.275,150.000,1,0,1
142.900,450.000,300.000,150.000,270.375,150.000,1,0,1
143.000,450.000,300.000,150.000,270.475,150.000,1,0,1
143.100,450.000,300.000,150.000,270.575,150.000,1,0,1
143.200,450.000,300.000,150.000,270.675,150.000,1,0,1
143.300,450.000,300.000,150.000,270.775,150.000,1,0,1
143.400,450.000,300.000,150.000,270.875,150.000,1,0,1
143.500,450.000,300.000,150.000,270.975,150.000,1,0,1
143.600,450.000,300.000,150.000,271.075,150.000,1,0,1
143.700,450.000,300.000,150.000,271.175,150.000,1,0,1
143.800,450.000,300.000,150.000,271.275,150.000,1,0,1
143.900,450.000,300.000,150.000,271.375,150.000,1,0,1
144.000,450.000,300.000,150.000,271.475,150.000,1,0,1
144.100,450.000,300.000,150.000,271.575,150.000,1,0,1
144.200,450.000,300.000,150.000,271.675,150.000,1,0,1
144.300,450.000,300.000,150.000,271.775,150.000,1,0,1
144.400,450.000,300.000,150.000,271.875,150.000,1,0,1
144.500,450.000,300.000,150.000,271.975,150.000,1,0,1
144.600,450.000,300.000,150.000,272.075,150.000,1,0,1
144.700,450.000,300.000,150.000,272.175,150.000,1,0,1
144.800,450.000,300.000,150.000,272.275,150.000,1,0,1
144.900,450.000,300.000,150.000,272.375,150.000,1,0,1
145.000,450.000,300.000,150.000,272.475,150.000,1,0,1
145.100,450.000,300.000,150.000,272.575,150.000,1,0,1
145.200,450.000,300.000,150.000,272.675,150.000,1,0,1
145.300,450.000,300.000,150.000,272.775,150.000,1,0,1
145.400,450.000,300.000,150.000,272.875,150.000,1,0,1
145.500,450.000,300.000,150.000,272.975,150.000,1,0,1
145.600,450.000,300.000,150.000,273.075,150.000,1,0,1
145.700,450.000,300.000,150.000,273.175,150.000,1,0,1
145.800,450.000,300.000,150.000,273.275,150.000,1,0,1
145.900,450.000,300.000,150.000,273.375,150.000,1,0,1
146.000,450.000,300.000,150.000,273.475,150.000,1,0,1
146.100,450.000,300.000,150.000,273.575,150.000,1,0,1
146.200,450.000,300.000,150.000,273.675,150.000,1,0,1
146.300,450.000,300.000,150.000,273.775,150.000,1,0,1
146.400,450.000,300.000,150.000,273.875,150.000,1,0,1
146.500,450.000,300.000,150.000,273.975,150.000,1,0,1
146.600,450.000,300.000,150.000,274.075,150.000,1,0,1
146.700,450.000,300.000,150.000,274.175,150.000,1,0,1
146.800,450.000,300.000,150.000,274.275,150.000,1,0,1
146.900,450.000,300.000,150.000,274.375,150.000,1,0,1
147.000,450.000,300.000,150.000,274.475,150.000,1,0,1
147.100,450.000,300.000,150.000,274.575,150.000,1,0,1
147.200,450.000,300.000,150.000,274.675,150.000,1,0,1
147.300,450.000,300.000,150.000,274.775,150.000,1,0,1
147.400,450.000,300.000,150.000,274.875,150.000,1,0,1
147.500,450.000,300.000,150.000,274.975,150.000,1,0,1
147.600,450.000,300.000,150.000,275.075,150.000,1,0,1
147.700,450.000,300.000,150.000,275.175,150.000,1,0,1
147.800,450.000,300.000,150.000,275.275,150.000,1,0,1
147.900,450.000,300.000,150.000,275.375,150.000,1,0,1
148.000,450.000,300.000,150.000,275.475,150.000,1,0,1
148.100,450.000,300.000,150.000,275.575,150.000,1,0,1
148.200,450.000,300.000,150.000,275.675,150.000,1,0,1
148.300,450.000,300.000,150.000,275.775,150.000,1,0,1
148.400,450.000,300.000,150.000,275.875,150.000,1,0,1
148.500,450.000,300.000,150.000,275.975,150.000,1,0,1
148.600,450.000,300.000,150.000,276.075,150.000,1,0,1
148.700,450.000,300.000,150.000,276.175,150.000,1,0,1
148.800,450.000,300.000,150.000,276.275,150.000,1,0,1
148.900,450.000,300.000,150.000,276.375,150.000,1,0,1
149.000,450.000,300.000,150.000,276.475,150.000,1,0,1
149.100,450.000,300.000,150.000,276.575,150.000,1,0,1
149.200,450.000,300.000,150.000,276.675,150.000,1,0,1
149.300,450.000,300.000,150.000,276.775,150.000,1,0,1
149.400,450.000,300.000,150.000,276.875,150.000,1,0,1
149.500,450.000,300.000,150.000,276.975,150.000,1,0,1
149.600,450.000,300.000,150.000,277.075,150.000,1,0,1
149.700,450.000,300.000,150.000,277.175,150.000,1,0,1
149.800,450.000,300.000,150.000,277.275,150.000,1,0,1
149.900,450.000,300.000,150.000,277.375,150.000,1,0,1
150.000,450.000,300.000,150.000,277.475,150.000,1,0,1
150.100,450.000,300.000,150.000,277.575,150.000,1,0,1
150.200,450.000,300.000,150.000,277.675,150.000,1,0,1
150.300,450.000,300.000,150.000,277.775,150.000,1,0,1
150.400,450.000,300.000,150.000,277.875,150.000,1,0,1
150.500,450.000,300.000,150.000,277.975,150.000,1,0,1
150.600,450.000,300.000,150.000,278.075,150.000,1,0,1
150.700,450.000,300.000,150.000,278.175,150.000,1,0,1
150.800,450.000,300.000,150.000,278.275,150.000,1,0,1
150.900,450.000,300.000,150.000,278.375,150.000,1,0,1
151.000,450.000,300.000,150.000,278.475,150.000,1,0,1
151.100,450.000,300.000,150.000,278.575,150.000,1,0,1
151.200,450.000,300.000,150.000,278.675,150.000,1,0,1
151.300,450.000,300.000,150.000,278.775,150.000,1,0,1
151.400,450.000,300.000,150.000,278.875,150.000,1,0,1
151.500,450.000,300.000,150.000,278.975,150.000,1,0,1
151.600,450.000,300.000,150.000,279.075,150.000,1,0,1
151.700,450.000,300.000,150.000,279.175,150.000,1,0,1
151.800,450.000,300.000,150.000,279.275,150.000,1,0,1
151.900,450.000,300.000,150.000,279.375,150.000,1,0,1
152.000,450.000,300.000,150.000,279.475,150.000,1,0,1
152.100,450.000,300.000,150.000,279.575,150.000,1,0,1
152.200,450.000,300.000,150.000,279.675,150.000,1,0,1
152.300,450.000,300.000,150.000,279.775,150.000,1,0,1
152.400,450.000,300.000,150.000,279.875,150.000,1,0,1
152.500,450.000,300.000,150.000,279.975,150.000,1,0,1
152.600,450.000,300.000,150.000,280.075,150.000,1,0,1
152.700,450.000,300.000,150.000,280.175,150.000,1,0,1
152.800,450.000,300.000,150.000,280.275,150.000,1,0,1
152.900,450.000,300.000,150.000,280.375,150.000,1,0,1
153.000,450.000,300.000,150.000,280.475,150.000,1,0,1
153.100,450.000,300.000,150.000,280.575,150.000,1,0,1
153.200,450.000,300.000,150.000,280.675,150.000,1,0,1
153.300,450.000,300.000,150.000,280.775,150.000,1,0,1
153.400,450.000,300.000,150.000,280.875,150.000,1,0,1
153.500,450.000,300.000,150.000,280.975,150.000,1,0,1
153.600,450.000,300.000,150.000,281.075,150.000,1,0,1
153.700,450.000,300.000,150.000,281.175,150.000,1,0,1
153.800,450.000,300.000,150.000,281.275,150.000,1,0,1
153.900,450.000,300.000,150.000,281.375,150.000,1,0,1
154.000,450.000,300.000,150.000,281.475,150.000,1,0,1
154.100,450.000,300.000,150.000,281.575,150.000,1,0,1
154.200,450.000,300.000,150.000,281.675,150.000,1,0,1
154.300,450.000,300.000,150.000,281.775,150.000,1,0,1
154.400,450.000,300.000,150.000,281.875,150.000,1,0,1
154.500,450.000,300.000,150.000,281.975,150.000,1,0,1
154.600,450.000,300.000,150.000,282.075,150.000,1,0,1
154.700,450.000,300.000,150.000,282.175,150.000,1,0,1
154.800,450.000,300.000,150.000,282.275,150.000,1,0,1
154.900,450.000,300.000,150.000,282.375,150.000,1,0,1
155.000,450.000,300.000,150.000,282.475,150.000,1,0,1
155.100,200.000,50.000,150.000,282.325,150.000,1,0,1
155.200,200.000,50.000,150.000,282.175,150.000,1,0,1
155.300,200.000,50.000,150.000,282.025,150.000,1,0,1
155.400,200.000,50.000,150.000,281.875,150.000,1,0,1
155.500,200.000,50.000,150.000,281.725,150.000,1,0,1
155.600,200.000,50.000,150.000,281.575,150.000,1,0,1
155.700,200.000,50.000,150.000,281.425,150.000,1,0,1
155.800,200.000,50.000,150.000,281.275,150.000,1,0,1
155.900,200.000,50.000,150.000,281.125,150.000,1,0,1
156.000,200.000,50.000,150.000,280.975,150.000,1,0,1
156.100,200.000,50.000,150.000,280.825,150.000,1,0,1
156.200,200.000,50.000,150.000,280.675,150.000,1,0,1
156.300,200.000,50.000,150.000,280.525,150.000,1,0,1
156.400,200.000,50.000,150.000,280.375,150.000,1,0,1
156.500,200.000,50.000,150.000,280.225,150.000,1,0,1
156.600,200.000,50.000,150.000,280.075,150.000,1,0,1
156.700,200.000,50.000,150.000,279.925,150.000,1,0,1
156.800,200.000,50.000,150.000,279.775,150.000,1,0,1
156.900,200.000,50.000,150.000,279.625,150.000,1,0,1
157.000,200.000,50.000,150.000,279.475,150.000,1,0,1
157.100,200.000,50.000,150.000,279.325,150.000,1,0,1
157.200,200.000,50.000,150.000,279.175,150.000,1,0,1
157.300,200.000,50.000,150.000,279.025,150.000,1,0,1
157.400,200.000,50.000,150.000,278.875,150.000,1,0,1
157.500,200.000,50.000,150.000,278.725,150.000,1,0,1
157.600,200.000,50.000,150.000,278.575,150.000,1,0,1
157.700,200.000,50.000,150.000,278.425,150.000,1,0,1
157.800,200.000,50.000,150.000,278.275,150.000,1,0,1
157.900,200.000,50.000,150.000,278.125,150.000,1,0,1
158.000,200.000,50.000,150.000,277.975,150.000,1,0,1
158.100,200.000,50.000,150.000,277.825,150.000,1,0,1
158.200,200.000,50.000,150.000,277.675,150.000,1,0,1
158.300,200.000,50.000,150.000,277.525,150.000,1,0,1
158.400,200.000,50.000,150.000,277.375,150.000,1,0,1
158.500,200.000,50.000,150.000,277.225,150.000,1,0,1
158.600,200.000,50.000,150.000,277.075,150.000,1,0,1
158.700,200.000,50.000,150.000,276.925,150.000,1,0,1
158.800,200.000,50.000,150.000,276.775,150.000,1,0,1
158.900,200.000,50.000,150.000,276.625,150.000,1,0,1
159.000,200.000,50.000,150.000,276.475,150.000,1,0,1
159.100,200.000,50.000,150.000,276.325,150.000,1,0,1
159.200,200.000,50.000,150.000,276.175,150.000,1,0,1
159.300,200.000,50.000,150.000,276.025,150.000,1,0,1
159.400,200.000,50.000,150.000,275.875,150.000,1,0,1
159.500,200.000,50.000,150.000,275.725,150.000,1,0,1
159.600,200.000,50.000,150.000,275.575,150.000,1,0,1
159.700,200.000,50.000,150.000,275.425,150.000,1,0,1
159.800,200.000,50.000,150.000,275.275,150.000,1,0,1
159.900,200.000,50.000,150.000,275.125,150.000,1,0,1
160.000,200.000,50.000,150.000,274.975,150.000,1,0,1
160.100,200.000,50.000,150.000,274.825,150.000,1,0,1
160.200,200.000,50.000,150.000,274.675,150.000,1,0,1
160.300,200.000,50.000,150.000,274.525,150.000,1,0,1
160.400,200.000,50.000,150.000,274.375,150.000,1,0,1
160.500,200.000,50.000,150.000,274.225,150.000,1,0,1
160.600,200.000,50.000,150.000,274.075,150.000,1,0,1
160.700,200.000,50.000,150.000,273.925,150.000,1,0,1
160.800,200.000,50.000,150.000,273.775,150.000,1,0,1
160.900,200.000,50.000,150.000,273.625,150.000,1,0,1
161.000,200.000,50.000,150.000,273.475,150.000,1,0,1
161.100,200.000,50.000,150.000,273.325,150.000,1,0,1
161.200,200.000,50.000,150.000,273.175,150.000,1,0,1
161.300,200.000,50.000,150.000,273.025,150.000,1,0,1
161.400,200.000,50.000,150.000,272.875,150.000,1,0,1
161.500,200.000,50.000,150.000,272.725,150.000,1,0,1
161.600,200.000,50.000,150.000,272.575,150.000,1,0,1
161.700,200.000,50.000,150.000,272.425,150.000,1,0,1
161.800,200.000,50.000,150.000,272.275,150.000,1,0,1
161.900,200.000,50.000,150.000,272.125,150.000,1,0,1
162.000,200.000,50.000,150.000,271.975,150.000,1,0,1
162.100,200.000,50.000,150.000,271.825,150.000,1,0,1
162.200,200.000,50.000,150.000,271.675,150.000,1,0,1
162.300,200.000,50.000,150.000,271.525,150.000,1,0,1
162.400,200.000,50.000,150.000,271.375,150.000,1,0,1
162.500,200.000,50.000,150.000,271.225,150.000,1,0,1
162.600,200.000,50.000,150.000,271.075,150.000,1,0,1
162.700,200.000,50.000,150.000,270.925,150.000,1,0,1
162.800,200.000,50.000,150.000,270.775,150.000,1,0,1
162.900,200.000,50.000,150.000,270.625,150.000,1,0,1
163.000,200.000,50.000,150.000,270.475,150.000,1,0,1
163.100,200.000,50.000,150.000,270.325,150.000,1,0,1
163.200,200.000,50.000,150.000,270.175,150.000,1,0,1
163.300,200.000,50.000,150.000,270.025,150.000,1,0,1
163.400,200.000,50.000,150.000,269.875,150.000,1,0,1
163.500,200.000,50.000,150.000,269.725,150.000,1,0,1
163.600,200.000,50.000,150.000,269.575,150.000,1,0,1
163.700,200.000,50.000,150.000,269.425,150.000,1,0,1
163.800,200.000,50.000,150.000,269.275,150.000,1,0,1
163.900,200.000,50.000,150.000,269.125,150.000,1,0,1
164.000,200.000,50.000,150.000,268.975,150.000,1,0,1
164.100,200.000,50.000,150.000,268.825,150.000,1,0,1
164.200,200.000,50.000,150.000,268.675,150.000,1,0,1
164.300,200.000,50.000,150.000,268.525,150.000,1,0,1
164.400,200.000,50.000,150.000,268.375,150.000,1,0,1
164.500,200.000,50.000,150.000,268.225,150.000,1,0,1
164.600,200.000,50.000,150.000,268.075,150.000,1,0,1
164.700,200.000,50.000,150.000,267.925,150.000,1,0,1
164.800,200.000,50.000,150.000,267.775,150.000,1,0,1
164.900,200.000,50.000,150.000,267.625,150.000,1,0,1
165.000,200.000,50.000,150.000,267.475,150.000,1,0,1
165.100,200.000,50.000,150.000,267.325,150.000,1,0,1
165.200,200.000,50.000,150.000,267.175,150.000,1,0,1
165.300,200.000,50.000,150.000,267.025,150.000,1,0,1
165.400,200.000,50.000,150.000,266.875,150.000,1,0,1
165.500,200.000,50.000,150.000,266.725,150.000,1,0,1
165.600,200.000,50.000,150.000,266.575,150.000,1,0,1
165.700,200.000,50.000,150.000,266.425,150.000,1,0,1
165.800,200.000,50.000,150.000,266.275,150.000,1,0,1
165.900,200.000,50.000,150.000,266.125,150.000,1,0,1
166.000,200.000,50.000,150.000,265.975,150.000,1,0,1
166.100,200.000,50.000,150.000,265.825,150.000,1,0,1
166.200,200.000,50.000,150.000,265.675,150.000,1,0,1
166.300,200.000,50.000,150.000,265.525,150.000,1,0,1
166.400,200.000,50.000,150.000,265.375,150.000,1,0,1
166.500,200.000,50.000,150.000,265.225,150.000,1,0,1
166.600,200.000,50.000,150.000,265.075,150.000,1,0,1
166.700,200.000,50.000,150.000,264.925,150.000,1,0,1
166.800,200.000,50.000,150.000,264.775,150.000,1,0,1
166.900,200.000,50.000,150.000,264.625,150.000,1,0,1
167.000,200.000,50.000,150.000,264.475,150.000,1,0,1
167.100,200.000,50.000,150.000,264.325,150.000,1,0,1
167.200,200.000,50.000,150.000,264.175,150.000,1,0,1
167.300,200.000,50.000,150.000,264.025,150.000,1,0,1
167.400,200.000,50.000,150.000,263.875,150.000,1,0,1
167.500,200.000,50.000,150.000,263.725,150.000,1,0,1
167.600,200.000,50.000,150.000,263.575,150.000,1,0,1
167.700,200.000,50.000,150.000,263.425,150.000,1,0,1
167.800,200.000,50.000,150.000,263.275,150.000,1,0,1
167.900,200.000,50.000,150.000,263.125,150.000,1,0,1
168.000,200.000,50.000,150.000,262.975,150.000,1,0,1
168.100,200.000,50.000,150.000,262.825,150.000,1,0,1
168.200,200.000,50.000,150.000,262.675,150.000,1,0,1
168.300,200.000,50.000,150.000,262.525,150.000,1,0,1
168.400,200.000,50.000,150.000,262.375,150.000,1,0,1
168.500,200.000,50.000,150.000,262.225,150.000,1,0,1
168.600,200.000,50.000,150.000,262.075,150.000,1,0,1
168.700,200.000,50.000,150.000,261.925,150.000,1,0,1
168.800,200.000,50.000,150.000,261.775,150.000,1,0,1
168.900,200.000,50.000,150.000,261.625,150.000,1,0,1
169.000,200.000,50.000,150.000,261.475,150.000,1,0,1
169.100,200.000,50.000,150.000,261.325,150.000,1,0,1
169.200,200.000,50.000,150.000,261.175,150.000,1,0,1
169.300,200.000,50.000,150.000,261.025,150.000,1,0,1
169.400,200.000,50.000,150.000,260.875,150.000,1,0,1
169.500,200.000,50.000,150.000,260.725,150.000,1,0,1
169.600,200.000,50.000,150.000,260.575,150.000,1,0,1
169.700,200.000,50.000,150.000,260.425,150.000,1,0,1
169.800,200.000,50.000,150.000,260.275,150.000,1,0,1
169.900,200.000,50.000,150.000,260.125,150.000,1,0,1
170.000,200.000,50.000,150.000,259.975,150.000,1,0,1
170.100,200.000,50.000,150.000,259.825,150.000,1,0,1
170.200,200.000,50.000,150.000,259.675,150.000,1,0,1
170.300,200.000,50.000,150.000,259.525,150.000,1,0,1
170.400,200.000,50.000,150.000,259.375,150.000,1,0,1
170.500,200.000,50.000,150.000,259.225,150.000,1,0,1
170.600,200.000,50.000,150.000,259.075,150.000,1,0,1
170.700,200.000,50.000,150.000,258.925,150.000,1,0,1
170.800,200.000,50.000,150.000,258.775,150.000,1,0,1
170.900,200.000,50.000,150.000,258.625,150.000,1,0,1
171.000,200.000,50.000,150.000,258.475,150.000,1,0,1
171.100,200.000,50.000,150.000,258.325,150.000,1,0,1
171.200,200.000,50.000,150.000,258.175,150.000,1,0,1
171.300,200.000,50.000,150.000,258.025,150.000,1,0,1
171.400,200.000,50.000,150.000,257.875,150.000,1,0,1
171.500,200.000,50.000,150.000,257.725,150.000,1,0,1
171.600,200.000,50.000,150.000,257.575,150.000,1,0,1
171.700,200.000,50.000,150.000,257.425,150.000,1,0,1
171.800,200.000,50.000,150.000,257.275,150.000,1,0,1
171.900,200.000,50.000,150.000,257.125,150.000,1,0,1
172.000,200.000,50.000,150.000,256.975,150.000,1,0,1
172.100,200.000,50.000,150.000,256.825,150.000,1,0,1
172.200,200.000,50.000,150.000,256.675,150.000,1,0,1
172.300,200.000,50.000,150.000,256.525,150.000,1,0,1
172.400,200.000,50.000,150.000,256.375,150.000,1,0,1
172.500,200.000,50.000,150.000,256.225,150.000,1,0,1
172.600,200.000,50.000,150.000,256.075,150.000,1,0,1
172.700,200.000,50.000,150.000,255.925,150.000,1,0,1
172.800,200.000,50.000,150.000,255.775,150.000,1,0,1
172.900,200.000,50.000,150.000,255.625,150.000,1,0,1
173.000,200.000,50.000,150.000,255.475,150.000,1,0,1
173.100,200.000,50.000,150.000,255.325,150.000,1,0,1
173.200,200.000,50.000,150.000,255.175,150.000,1,0,1
173.300,200.000,50.000,150.000,255.025,150.000,1,0,1
173.400,200.000,50.000,150.000,254.875,150.000,1,0,1
173.500,200.000,50.000,150.000,254.725,150.000,1,0,1
173.600,200.000,50.000,150.000,254.575,150.000,1,0,1
173.700,200.000,50.000,150.000,254.425,150.000,1,0,1
173.800,200.000,50.000,150.000,254.275,150.000,1,0,1
173.900,200.000,50.000,150.000,254.125,150.000,1,0,1
174.000,200.000,50.000,150.000,253.975,150.000,1,0,1
174.100,200.000,50.000,150.000,253.825,150.000,1,0,1
174.200,200.000,50.000,150.000,253.675,150.000,1,0,1
174.300,200.000,50.000,150.000,253.525,150.000,1,0,1
174.400,200.000,50.000,150.000,253.375,150.000,1,0,1
174.500,200.000,50.000,150.000,253.225,150.000,1,0,1
174.600,200.000,50.000,150.000,253.075,150.000,1,0,1
174.700,200.000,50.000,150.000,252.925,150.000,1,0,1
174.800,200.000,50.000,150.000,252.775,150.000,1,0,1
174.900,200.000,50.000,150.000,252.625,150.000,1,0,1
175.000,200.000,50.000,150.000,252.475,150.000,1,0,1
175.100,200.000,50.000,150.000,252.325,150.000,1,0,1
175.200,200.000,50.000,150.000,252.175,150.000,1,0,1
175.300,200.000,50.000,150.000,252.025,150.000,1,0,1
175.400,200.000,50.000,150.000,251.875,150.000,1,0,1
175.500,200.000,50.000,150.000,251.725,150.000,1,0,1
175.600,200.000,50.000,150.000,251.575,150.000,1,0,1
175.700,200.000,50.000,150.000,251.425,150.000,1,0,1
175.800,200.000,50.000,149.900,251.275,149.900,1,0,1
175.900,200.000,50.100,137.750,251.125,137.750,1,0,1
176.000,200.000,62.250,125.310,250.987,125.310,1,0,1
176.100,200.000,74.690,113.785,250.862,113.785,1,0,1
176.200,200.000,86.215,103.229,250.748,103.229,1,0,1
176.300,200.000,96.771,93.574,250.645,93.574,1,0,1
176.400,200.000,106.426,84.748,250.551,84.748,1,0,1
176.500,200.000,115.252,76.681,250.467,76.681,1,0,1
176.600,200.000,123.319,69.309,250.390,69.309,1,0,1
176.700,200.000,130.691,62.574,250.321,62.574,1,0,1
176.800,200.000,137.426,56.423,250.258,56.423,1,0,1
176.900,200.000,143.577,50.807,250.202,50.807,1,0,1
177.000,200.000,149.193,45.681,250.151,45.681,1,0,1
177.100,200.000,154.319,41.004,250.105,41.004,1,0,1
177.200,200.000,158.996,36.738,250.064,36.738,1,0,1
177.300,200.000,163.262,32.848,250.027,32.848,1,0,1
177.400,200.000,167.152,29.302,249.995,29.302,1,0,1
177.500,200.000,170.698,26.073,249.965,26.073,1,0,0
177.600,200.000,173.927,23.132,249.939,23.132,1,0,0
177.700,200.000,176.868,20.455,249.916,20.455,1,0,0
177.800,200.000,179.545,18.020,249.896,18.020,1,0,0
177.900,200.000,181.980,15.807,249.878,15.807,1,0,0
178.000,200.000,184.193,13.796,249.862,13.796,1,0,0
178.100,200.000,186.204,11.971,249.848,11.971,1,0,0
178.200,200.000,188.029,10.315,249.836,10.315,1,0,0
178.300,200.000,189.685,8.814,249.826,8.814,1,0,0
178.400,200.000,191.186,7.455,249.817,7.455,1,0,0
178.500,200.000,192.545,6.225,249.809,6.225,1,0,0
178.600,200.000,193.775,5.113,249.803,5.113,1,0,0
178.700,200.000,194.887,4.110,249.798,4.110,1,0,0
178.800,200.000,195.890,3.205,249.794,3.205,1,0,0
178.900,200.000,196.795,2.390,249.791,2.390,1,0,0
179.000,200.000,197.610,1.658,249.788,1.658,1,0,0
179.100,200.000,198.342,1.001,249.787,1.001,1,0,0
179.200,200.000,198.999,0.412,249.786,0.412,1,0,0
179.300,200.000,199.588,0.000,249.785,0.000,1,0,0
179.400,200.000,200.000,0.000,249.785,0.000,1,0,0
179.500,200.000,200.000,0.000,249.785,0.000,1,0,0
179.600,200.000,200.000,0.000,249.785,0.000,1,0,0
179.700,200.000,200.000,0.000,249.785,0.000,1,0,0
179.800,200.000,200.000,0.000,249.785,0.000,1,0,0
179.900,200.000,200.000,0.000,249.785,0.000,1,0,0
180.000,200.000,200.000,0.000,249.785,0.000,1,0,0
