Time(s)	P_load(kW)	P_pv(kW)	P_grid(kW)	ChargeReq(kW)
0	200	250	-1.987	48.01
0.1	200	250	-1.987	48.01
0.2	200	250	-1.987	48.01
0.3	200	250	-1.987	48.01
0.4	200	250	-1.987	48.01
0.5	200	250	-1.987	48.01
0.6	200	250	-1.987	48.01
0.7	200	250	-1.987	48.01
0.8	200	250	-1.987	48.01
0.9	200	250	-1.987	48.01
1	200	250	-1.987	48.01
1.1	100	250	-102	98.03
1.2	100	250	-51.97	74.04
1.3	100	250	-75.96	86.55
1.4	100	250	-63.45	81.06
1.5	100	250	-68.94	84.44
1.6	100	250	-65.56	83.44
1.7	100	250	-66.56	84.59
1.8	100	250	-65.41	84.68
1.9	100	250	-65.32	85.29
2	100	250	-64.71	85.64
2.1	100	250	-64.36	86.11
2.2	100	250	-63.89	86.52
2.3	100	250	-63.48	86.95
2.4	100	250	-63.05	87.37
2.5	100	250	-62.63	87.79
2.6	100	250	-62.21	88.21
2.7	100	250	-61.79	88.62
2.8	100	250	-61.38	89.03
2.9	100	250	-60.97	89.44
3	100	250	-60.56	89.85
3.1	100	250	-60.15	90.25
3.2	100	250	-59.75	90.65
3.3	100	250	-59.35	91.05
3.4	100	250	-58.95	91.44
3.5	100	250	-58.56	91.83
3.6	100	250	-58.17	92.22
3.7	100	250	-57.78	92.61
3.8	100	250	-57.39	93
3.9	100	250	-57	93.38
4	100	250	-56.62	93.76
4.1	100	250	-56.24	94.13
4.2	100	250	-55.87	94.51
4.3	100	250	-55.49	94.88
4.4	100	250	-55.12	95.25
4.5	100	250	-54.75	95.61
4.6	100	250	-54.39	95.98
4.7	100	250	-54.02	96.34
4.8	100	250	-53.66	96.7
4.9	100	250	-53.3	97.06
5	100	250	-52.94	97.41
5.1	100	250	-52.59	97.76
5.2	100	250	-52.24	98.11
5.3	100	250	-51.89	98.46
5.4	100	250	-51.54	98.81
5.5	100	250	-51.19	99.15
5.6	100	250	-50.85	99.49
5.7	100	250	-50.51	99.83
5.8	100	250	-50.17	100.2
5.9	100	250	-49.84	100.5
6	100	250	-49.5	100.8
6.1	100	250	-49.17	101.2
6.2	100	250	-48.84	101.5
6.3	100	250	-48.51	101.8
6.4	100	250	-48.19	102.1
6.5	100	250	-47.87	102.5
6.6	100	250	-47.55	102.8
6.7	100	250	-47.23	103.1
6.8	100	250	-46.91	103.4
6.9	100	250	-46.6	103.7
7	100	250	-46.29	104
7.1	100	250	-45.98	104.3
7.2	100	250	-45.67	104.6
7.3	100	250	-45.36	104.9
7.4	100	250	-45.06	105.2
7.5	100	250	-44.76	105.5
7.6	100	250	-44.46	105.8
7.7	100	250	-44.16	106.1
7.8	100	250	-43.86	106.4
7.9	100	250	-43.57	106.7
8	100	250	-43.28	107
8.1	100	250	-42.99	107.3
8.2	100	250	-42.7	107.6
8.3	100	250	-42.41	107.9
8.4	100	250	-42.13	108.2
8.5	100	250	-41.85	108.4
8.6	100	250	-41.57	108.7
8.7	100	250	-41.29	109
8.8	100	250	-41.01	109.3
8.9	100	250	-40.74	109.5
9	100	250	-40.47	109.8
9.1	100	250	-40.19	110.1
9.2	100	250	-39.93	110.3
9.3	100	250	-39.66	110.6
9.4	100	250	-39.39	110.9
9.5	100	250	-39.13	111.1
9.6	100	250	-38.87	111.4
9.7	100	250	-38.61	111.7
9.8	100	250	-38.35	111.9
9.9	100	250	-38.09	112.2
10	100	250	-37.84	112.4
10.1	100	250	-37.58	112.7
10.2	100	250	-37.33	112.9
10.3	100	250	-37.08	113.2
10.4	100	250	-36.83	113.4
10.5	100	250	-36.59	113.7
10.6	100	250	-36.34	113.9
10.7	100	250	-36.1	114.1
10.8	100	250	-35.86	114.4
10.9	100	250	-35.62	114.6
11	100	250	-35.38	114.9
11.1	100	250	-35.14	115.1
11.2	100	250	-34.91	115.3
11.3	100	250	-34.67	115.6
11.4	100	250	-34.44	115.8
11.5	100	250	-34.21	116
11.6	100	250	-33.98	116.2
11.7	100	250	-33.75	116.5
11.8	100	250	-33.53	116.7
11.9	100	250	-33.3	116.9
12	100	250	-33.08	117.1
12.1	100	250	-32.86	117.4
12.2	100	250	-32.64	117.6
12.3	100	250	-32.42	117.8
12.4	100	250	-32.2	118
12.5	100	250	-31.99	118.2
12.6	100	250	-31.77	118.4
12.7	100	250	-31.56	118.7
12.8	100	250	-31.35	118.9
12.9	100	250	-31.14	119.1
13	100	250	-30.93	119.3
13.1	100	250	-30.72	119.5
13.2	100	250	-30.52	119.7
13.3	100	250	-30.31	119.9
13.4	100	250	-30.11	120.1
13.5	100	250	-29.91	120.3
13.6	100	250	-29.71	120.5
13.7	100	250	-29.51	120.7
13.8	100	250	-29.31	120.9
13.9	100	250	-29.11	121.1
14	100	250	-28.92	121.3
14.1	100	250	-28.73	121.5
14.2	100	250	-28.53	121.7
14.3	100	250	-28.34	121.8
14.4	100	250	-28.15	122
14.5	100	250	-27.96	122.2
14.6	100	250	-27.78	122.4
14.7	100	250	-27.59	122.6
14.8	100	250	-27.41	122.8
14.9	100	250	-27.22	123
15	100	250	-27.04	123.1
15.1	100	250	-26.86	123.3
15.2	100	250	-26.68	123.5
15.3	100	250	-26.5	123.7
15.4	100	250	-26.32	123.9
15.5	100	250	-26.15	124
15.6	100	250	-25.97	124.2
15.7	100	250	-25.8	124.4
15.8	100	250	-25.62	124.5
15.9	100	250	-25.45	124.7
16	100	250	-25.28	124.9
16.1	100	250	-25.11	125.1
16.2	100	250	-24.95	125.2
16.3	100	250	-24.78	125.4
16.4	100	250	-24.61	125.6
16.5	100	250	-24.45	125.7
16.6	100	250	-24.28	125.9
16.7	100	250	-24.12	126
16.8	100	250	-23.96	126.2
16.9	100	250	-23.8	126.4
17	100	250	-23.64	126.5
17.1	100	250	-23.48	126.7
17.2	100	250	-23.32	126.8
17.3	100	250	-23.17	127
17.4	100	250	-23.01	127.1
17.5	100	250	-22.86	127.3
17.6	100	250	-22.71	127.4
17.7	100	250	-22.55	127.6
17.8	100	250	-22.4	127.7
17.9	100	250	-22.25	127.9
18	100	250	-22.1	128
18.1	100	250	-21.96	128.2
18.2	100	250	-21.81	128.3
18.3	100	250	-21.66	128.5
18.4	100	250	-21.52	128.6
18.5	100	250	-21.37	128.8
18.6	100	250	-21.23	128.9
18.7	100	250	-21.09	129.1
18.8	100	250	-20.95	129.2
18.9	100	250	-20.81	129.3
19	100	250	-20.67	129.5
19.1	100	250	-20.53	129.6
19.2	100	250	-20.39	129.7
19.3	100	250	-20.25	129.9
19.4	100	250	-20.12	130
19.5	100	250	-19.98	130.1
19.6	100	250	-19.85	130.3
19.7	100	250	-19.72	130.4
19.8	100	250	-19.59	130.5
19.9	100	250	-19.45	130.7
20	100	250	-19.32	130.8
20.1	100	250	-19.19	130.9
20.2	100	250	-19.07	131.1
20.3	100	250	-18.94	131.2
20.4	100	250	-18.81	131.3
20.5	100	250	-18.69	131.4
20.6	100	250	-18.56	131.6
20.7	100	250	-18.44	131.7
20.8	100	250	-18.31	131.8
20.9	100	250	-18.19	131.9
21	100	250	-18.07	132.1
21.1	100	250	-17.95	132.2
21.2	100	250	-17.83	132.3
21.3	100	250	-17.71	132.4
21.4	100	250	-17.59	132.5
21.5	100	250	-17.47	132.6
21.6	100	250	-17.35	132.8
21.7	100	250	-17.24	132.9
21.8	100	250	-17.12	133
21.9	100	250	-17.01	133.1
22	100	250	-16.89	133.2
22.1	100	250	-16.78	133.3
22.2	100	250	-16.67	133.4
22.3	100	250	-16.56	133.6
22.4	100	250	-16.45	133.7
22.5	100	250	-16.34	133.8
22.6	100	250	-16.23	133.9
22.7	100	250	-16.12	134
22.8	100	250	-16.01	134.1
22.9	100	250	-15.9	134.2
23	100	250	-15.8	134.3
23.1	100	250	-15.69	134.4
23.2	100	250	-15.59	134.5
23.3	100	250	-15.48	134.6
23.4	100	250	-15.38	134.7
23.5	100	250	-15.27	134.8
23.6	100	250	-15.17	134.9
23.7	100	250	-15.07	135
23.8	100	250	-14.97	135.1
23.9	100	250	-14.87	135.2
24	100	250	-14.77	135.3
24.1	100	250	-14.67	135.4
24.2	100	250	-14.57	135.5
24.3	100	250	-14.48	135.6
24.4	100	250	-14.38	135.7
24.5	100	250	-14.28	135.8
24.6	100	250	-14.19	135.9
24.7	100	250	-14.09	136
24.8	100	250	-14	136.1
24.9	100	250	-13.9	136.2
25	100	250	-13.81	136.3
25.1	100	250	-13.72	136.4
25.2	100	250	-13.63	136.5
25.3	100	250	-13.53	136.6
25.4	100	250	-13.44	136.6
25.5	100	250	-13.35	136.7
25.6	100	250	-13.26	136.8
25.7	100	250	-13.18	136.9
25.8	100	250	-13.09	137
25.9	100	250	-13	137.1
26	100	250	-12.91	137.2
26.1	100	250	-12.83	137.3
26.2	100	250	-12.74	137.3
26.3	100	250	-12.66	137.4
26.4	100	250	-12.57	137.5
26.5	100	250	-12.49	137.6
26.6	100	250	-12.4	137.7
26.7	100	250	-12.32	137.8
26.8	100	250	-12.24	137.8
26.9	100	250	-12.15	137.9
27	100	250	-12.07	138
27.1	100	250	-11.99	138.1
27.2	100	250	-11.91	138.2
27.3	100	250	-11.83	138.2
27.4	100	250	-11.75	138.3
27.5	100	250	-11.67	138.4
27.6	100	250	-11.6	138.5
27.7	100	250	-11.52	138.6
27.8	100	250	-11.44	138.6
27.9	100	250	-11.37	138.7
28	100	250	-11.29	138.8
28.1	100	250	-11.21	138.9
28.2	100	250	-11.14	138.9
28.3	100	250	-11.06	139
28.4	100	250	-10.99	139.1
28.5	100	250	-10.92	139.2
28.6	100	250	-10.84	139.2
28.7	100	250	-10.77	139.3
28.8	100	250	-10.7	139.4
28.9	100	250	-10.63	139.4
29	100	250	-10.56	139.5
29.1	100	250	-10.48	139.6
29.2	100	250	-10.41	139.7
29.3	100	250	-10.34	139.7
29.4	100	250	-10.28	139.8
29.5	100	250	-10.21	139.9
29.6	100	250	-10.14	139.9
29.7	100	250	-10.07	140
29.8	100	250	-10	140.1
29.9	100	250	-9.936	140.1
30	100	250	-9.869	140.2
30.1	100	250	-9.803	140.3
30.2	100	250	-9.738	140.3
30.3	100	250	-9.673	140.4
30.4	100	250	-9.608	140.5
30.5	100	250	-9.543	140.5
30.6	100	250	-9.48	140.6
30.7	100	250	-9.416	140.6
30.8	100	250	-9.353	140.7
30.9	100	250	-9.29	140.8
31	100	250	-9.228	140.8
31.1	100	250	-9.166	140.9
31.2	100	250	-9.105	141
31.3	100	250	-9.044	141
31.4	100	250	-8.983	141.1
31.5	100	250	-8.923	141.1
31.6	100	250	-8.864	141.2
31.7	100	250	-8.804	141.3
31.8	100	250	-8.745	141.3
31.9	100	250	-8.687	141.4
32	100	250	-8.628	141.4
32.1	100	250	-8.571	141.5
32.2	100	250	-8.513	141.5
32.3	100	250	-8.456	141.6
32.4	100	250	-8.4	141.7
32.5	100	250	-8.343	141.7
32.6	100	250	-8.288	141.8
32.7	100	250	-8.232	141.8
32.8	100	250	-8.177	141.9
32.9	100	250	-8.122	141.9
33	100	250	-8.068	142
33.1	100	250	-8.014	142
33.2	100	250	-7.96	142.1
33.3	100	250	-7.907	142.1
33.4	100	250	-7.854	142.2
33.5	100	250	-7.801	142.3
33.6	100	250	-7.749	142.3
33.7	100	250	-7.697	142.4
33.8	100	250	-7.646	142.4
33.9	100	250	-7.594	142.5
34	100	250	-7.543	142.5
34.1	100	250	-7.493	142.6
34.2	100	250	-7.443	142.6
34.3	100	250	-7.393	142.7
34.4	100	250	-7.343	142.7
34.5	100	250	-7.294	142.8
34.6	100	250	-7.245	142.8
34.7	100	250	-7.197	142.9
34.8	100	250	-7.149	142.9
34.9	100	250	-7.101	142.9
35	100	250	-7.053	143
35.1	100	250	-7.006	143
35.2	100	250	-6.959	143.1
35.3	100	250	-6.913	143.1
35.4	100	250	-6.866	143.2
35.5	100	250	-6.82	143.2
35.6	100	250	-6.775	143.3
35.7	100	250	-6.729	143.3
35.8	100	250	-6.684	143.4
35.9	100	250	-6.639	143.4
36	100	250	-6.595	143.4
36.1	100	250	-6.551	143.5
36.2	100	250	-6.507	143.5
36.3	100	250	-6.463	143.6
36.4	100	250	-6.42	143.6
36.5	100	250	-6.377	143.7
36.6	100	250	-6.334	143.7
36.7	100	250	-6.292	143.8
36.8	100	250	-6.25	143.8
36.9	100	250	-6.208	143.8
37	100	250	-6.166	143.9
37.1	100	250	-6.125	143.9
37.2	100	250	-6.084	144
37.3	100	250	-6.043	144
37.4	100	250	-6.003	144
37.5	100	250	-5.963	144.1
37.6	100	250	-5.923	144.1
37.7	100	250	-5.883	144.2
37.8	100	250	-5.844	144.2
37.9	100	250	-5.805	144.2
38	100	250	-5.766	144.3
38.1	100	250	-5.727	144.3
38.2	100	250	-5.689	144.3
38.3	100	250	-5.651	144.4
38.4	100	250	-5.613	144.4
38.5	100	250	-5.575	144.5
38.6	100	250	-5.538	144.5
38.7	100	250	-5.501	144.5
38.8	100	250	-5.464	144.6
38.9	100	250	-5.427	144.6
39	100	250	-5.391	144.6
39.1	100	250	-5.355	144.7
39.2	100	250	-5.319	144.7
39.3	100	250	-5.283	144.8
39.4	100	250	-5.248	144.8
39.5	100	250	-5.213	144.8
39.6	100	250	-5.178	144.9
39.7	100	250	-5.143	144.9
39.8	100	250	-5.109	144.9
39.9	100	250	-5.075	145
40	100	250	-5.041	145
40.1	100	250	-5.007	145
40.2	100	250	-4.973	145.1
40.3	100	250	-4.94	145.1
40.4	100	250	-4.907	145.1
40.5	100	250	-4.874	145.2
40.6	100	250	-4.842	145.2
40.7	100	250	-4.809	145.2
40.8	100	250	-4.777	145.3
40.9	100	250	-4.745	145.3
41	100	250	-4.713	145.3
41.1	100	250	-4.682	145.3
41.2	100	250	-4.65	145.4
41.3	100	250	-4.619	145.4
41.4	100	250	-4.588	145.4
41.5	100	250	-4.557	145.5
41.6	100	250	-4.527	145.5
41.7	100	250	-4.497	145.5
41.8	100	250	-4.466	145.6
41.9	100	250	-4.437	145.6
42	100	250	-4.407	145.6
42.1	100	250	-4.377	145.7
42.2	100	250	-4.348	145.7
42.3	100	250	-4.319	145.7
42.4	100	250	-4.29	145.7
42.5	100	250	-4.261	145.8
42.6	100	250	-4.233	145.8
42.7	100	250	-4.204	145.8
42.8	100	250	-4.176	145.9
42.9	100	250	-4.148	145.9
43	100	250	-4.12	145.9
43.1	100	250	-4.093	145.9
43.2	100	250	-4.065	146
43.3	100	250	-4.038	146
43.4	100	250	-4.011	146
43.5	100	250	-3.984	146
43.6	100	250	-3.958	146.1
43.7	100	250	-3.931	146.1
43.8	100	250	-3.905	146.1
43.9	100	250	-3.879	146.1
44	100	250	-3.853	146.2
44.1	100	250	-3.827	146.2
44.2	100	250	-3.801	146.2
44.3	100	250	-3.776	146.2
44.4	100	250	-3.751	146.3
44.5	100	250	-3.725	146.3
44.6	100	250	-3.7	146.3
44.7	100	250	-3.676	146.3
44.8	100	250	-3.651	146.4
44.9	100	250	-3.627	146.4
45	100	250	-3.602	146.4
45.1	100	250	-3.578	146.4
45.2	100	250	-3.554	146.5
45.3	100	250	-3.53	146.5
45.4	100	250	-3.507	146.5
45.5	100	250	-3.483	146.5
45.6	100	250	-3.46	146.6
45.7	100	250	-3.437	146.6
45.8	100	250	-3.414	146.6
45.9	100	250	-3.391	146.6
46	100	250	-3.368	146.7
46.1	100	250	-3.346	146.7
46.2	100	250	-3.323	146.7
46.3	100	250	-3.301	146.7
46.4	100	250	-3.279	146.7
46.5	100	250	-3.257	146.8
46.6	100	250	-3.235	146.8
46.7	100	250	-3.214	146.8
46.8	100	250	-3.192	146.8
46.9	100	250	-3.171	146.9
47	100	250	-3.149	146.9
47.1	100	250	-3.128	146.9
47.2	100	250	-3.107	146.9
47.3	100	250	-3.087	146.9
47.4	100	250	-3.066	147
47.5	100	250	-3.045	147
47.6	100	250	-3.025	147
47.7	100	250	-3.005	147
47.8	100	250	-2.985	147
47.9	100	250	-2.965	147.1
48	100	250	-2.945	147.1
48.1	100	250	-2.925	147.1
48.2	100	250	-2.905	147.1
48.3	100	250	-2.886	147.1
48.4	100	250	-2.867	147.2
48.5	100	250	-2.847	147.2
48.6	100	250	-2.828	147.2
48.7	100	250	-2.809	147.2
48.8	100	250	-2.791	147.2
48.9	100	250	-2.772	147.2
49	100	250	-2.753	147.3
49.1	100	250	-2.735	147.3
49.2	100	250	-2.717	147.3
49.3	100	250	-2.698	147.3
49.4	100	250	-2.68	147.3
49.5	100	250	-2.662	147.4
49.6	100	250	-2.645	147.4
49.7	100	250	-2.627	147.4
49.8	100	250	-2.609	147.4
49.9	100	250	-2.592	147.4
50	100	250	-2.574	147.4
50.1	100	250	-2.557	147.5
50.2	100	250	-2.54	147.5
50.3	100	250	-2.523	147.5
50.4	100	250	-2.506	147.5
50.5	100	250	-2.489	147.5
50.6	100	250	-2.473	147.5
50.7	100	250	-2.456	147.6
50.8	100	250	-2.44	147.6
50.9	100	250	-2.423	147.6
51	100	250	-2.407	147.6
51.1	100	250	-2.391	147.6
51.2	100	250	-2.375	147.6
51.3	100	250	-2.359	147.7
51.4	100	250	-2.343	147.7
51.5	100	250	-2.328	147.7
51.6	100	250	-2.312	147.7
51.7	100	250	-2.297	147.7
51.8	100	250	-2.281	147.7
51.9	100	250	-2.266	147.7
52	100	250	-2.251	147.8
52.1	100	250	-2.236	147.8
52.2	100	250	-2.221	147.8
52.3	100	250	-2.206	147.8
52.4	100	250	-2.191	147.8
52.5	100	250	-2.176	147.8
52.6	100	250	-2.162	147.9
52.7	100	250	-2.147	147.9
52.8	100	250	-2.133	147.9
52.9	100	250	-2.119	147.9
53	100	250	-2.104	147.9
53.1	100	250	-2.09	147.9
53.2	100	250	-2.076	147.9
53.3	100	250	-2.062	148
53.4	100	250	-2.049	148
53.5	100	250	-2.035	148
53.6	100	250	-2.021	148
53.7	100	250	-2.008	148
53.8	100	250	-1.994	148
53.9	100	250	-1.994	148
54	100	250	-1.994	148
54.1	100	250	-1.994	148
54.2	100	250	-1.994	148
54.3	100	250	-1.994	148
54.4	100	250	-1.994	148
54.5	100	250	-1.994	148
54.6	100	250	-1.994	148
54.7	100	250	-1.994	148
54.8	100	250	-1.994	148
54.9	100	250	-1.994	148
55	100	250	-1.994	148
55.1	100	250	-1.994	148
55.2	100	250	-1.994	148
55.3	100	250	-1.994	148
55.4	100	250	-1.994	148
55.5	100	250	-1.994	148
55.6	100	250	-1.994	148
55.7	100	250	-1.994	148
55.8	100	250	-1.994	148
55.9	100	250	-1.994	148
56	100	250	-1.994	148
56.1	100	250	-1.994	148
56.2	100	250	-1.994	148
56.3	100	250	-1.994	148
56.4	100	250	-1.994	148
56.5	100	250	-1.994	148
56.6	100	250	-1.994	148
56.7	100	250	-1.994	148
56.8	100	250	-1.994	148
56.9	100	250	-1.994	148
57	100	250	-1.994	148
57.1	100	250	-1.994	148
57.2	100	250	-1.994	148
57.3	100	250	-1.994	148
57.4	100	250	-1.994	148
57.5	100	250	-1.994	148
57.6	100	250	-1.994	148
57.7	100	250	-1.994	148
57.8	100	250	-1.994	148
57.9	100	250	-1.994	148
58	100	250	-1.994	148
58.1	100	250	-1.994	148
58.2	100	250	-1.994	148
58.3	100	250	-1.994	148
58.4	100	250	-1.994	148
58.5	100	250	-1.994	148
58.6	100	250	-1.994	148
58.7	100	250	-1.994	148
58.8	100	250	-1.994	148
58.9	100	250	-1.994	148
59	100	250	-1.994	148
59.1	100	250	-1.994	148
59.2	100	250	-1.994	148
59.3	100	250	-1.994	148
59.4	100	250	-1.994	148
59.5	100	250	-1.994	148
59.6	100	250	-1.994	148
59.7	100	250	-1.994	148
59.8	100	250	-1.994	148
59.9	100	250	-1.994	148
60	100	250	-1.994	148
60.1	100	250	-1.994	148
60.2	100	250	-1.994	148
60.3	100	250	-1.994	148
60.4	100	250	-1.994	148
60.5	100	250	-1.994	148
60.6	100	250	-1.994	148
60.7	100	250	-1.994	148
60.8	100	250	-1.994	148
60.9	100	250	-1.994	148
61	100	250	-1.994	148
61.1	100	250	-1.994	148
61.2	100	250	-1.994	148
61.3	100	250	-1.994	148
61.4	100	250	-1.994	148
61.5	100	250	-1.994	148
61.6	100	250	-1.994	148
61.7	100	250	-1.994	148
61.8	100	250	-1.994	148
61.9	100	250	-1.994	148
62	100	250	-1.994	148
62.1	100	250	-1.994	148
62.2	100	250	-1.994	148
62.3	100	250	-1.994	148
62.4	100	250	-1.994	148
62.5	100	250	-1.994	148
62.6	100	250	-1.994	148
62.7	100	250	-1.994	148
62.8	100	250	-1.994	148
62.9	100	250	-1.994	148
63	100	250	-1.994	148
63.1	100	250	-1.994	148
63.2	100	250	-1.994	148
63.3	100	250	-1.994	148
63.4	100	250	-1.994	148
63.5	100	250	-1.994	148
63.6	100	250	-1.994	148
63.7	100	250	-1.994	148
63.8	100	250	-1.994	148
63.9	100	250	-1.994	148
64	100	250	-1.994	148
64.1	100	250	-1.994	148
64.2	100	250	-1.994	148
64.3	100	250	-1.994	148
64.4	100	250	-1.994	148
64.5	100	250	-1.994	148
64.6	100	250	-1.994	148
64.7	100	250	-1.994	148
64.8	100	250	-1.994	148
64.9	100	250	-1.994	148
65	100	250	-1.994	148
65.1	100	250	-1.994	148
65.2	100	250	-1.994	148
65.3	100	250	-1.994	148
65.4	100	250	-1.994	148
65.5	100	250	-1.994	148
65.6	100	250	-1.994	148
65.7	100	250	-1.994	148
65.8	100	250	-1.994	148
65.9	100	250	-1.994	148
66	100	250	-1.994	148
66.1	100	250	-1.994	148
66.2	100	250	-1.994	148
66.3	100	250	-1.994	148
66.4	100	250	-1.994	148
66.5	100	250	-1.994	148
66.6	100	250	-1.994	148
66.7	100	250	-1.994	148
66.8	100	250	-1.994	148
66.9	100	250	-1.994	148
67	100	250	-1.994	148
67.1	100	250	-1.994	148
67.2	100	250	-1.994	148
67.3	100	250	-1.994	148
67.4	100	250	-1.994	148
67.5	100	250	-1.994	148
67.6	100	250	-1.994	148
67.7	100	250	-1.994	148
67.8	100	250	-1.994	148
67.9	100	250	-1.994	148
68	100	250	-1.994	148
68.1	100	250	-1.994	148
68.2	100	250	-1.994	148
68.3	100	250	-1.994	148
68.4	100	250	-1.994	148
68.5	100	250	-1.994	148
68.6	100	250	-1.994	148
68.7	100	250	-1.994	148
68.8	100	250	-1.994	148
68.9	100	250	-1.994	148
69	100	250	-1.994	148
69.1	100	250	-1.994	148
69.2	100	250	-1.994	148
69.3	100	250	-1.994	148
69.4	100	250	-1.994	148
69.5	100	250	-1.994	148
69.6	100	250	-1.994	148
69.7	100	250	-1.994	148
69.8	100	250	-1.994	148
69.9	100	250	-1.994	148
70	100	250	-1.994	148
70.1	100	250	-1.994	148
70.2	100	250	-1.994	148
70.3	100	250	-1.994	148
70.4	100	250	-1.994	148
70.5	100	250	-1.994	148
70.6	100	250	-1.994	148
70.7	100	250	-1.994	148
70.8	100	250	-1.994	148
70.9	100	250	-1.994	148
71	100	250	-1.994	148
71.1	100	250	-1.994	148
71.2	100	250	-1.994	148
71.3	100	250	-1.994	148
71.4	100	250	-1.994	148
71.5	100	250	-1.994	148
71.6	100	250	-1.994	148
71.7	100	250	-1.994	148
71.8	100	250	-1.994	148
71.9	100	250	-1.994	148
72	100	250	-1.994	148
72.1	100	250	-1.994	148
72.2	100	250	-1.994	148
72.3	100	250	-1.994	148
72.4	100	250	-1.994	148
72.5	100	250	-1.994	148
72.6	100	250	-1.994	148
72.7	100	250	-1.994	148
72.8	100	250	-1.994	148
72.9	100	250	-1.994	148
73	100	250	-1.994	148
73.1	100	250	-1.994	148
73.2	100	250	-1.994	148
73.3	100	250	-1.994	148
73.4	100	250	-1.994	148
73.5	100	250	-1.994	148
73.6	100	250	-1.994	148
73.7	100	250	-1.994	148
73.8	100	250	-1.994	148
73.9	100	250	-1.994	148
74	100	250	-1.994	148
74.1	100	250	-1.994	148
74.2	100	250	-1.994	148
74.3	100	250	-1.994	148
74.4	100	250	-1.994	148
74.5	100	250	-1.994	148
74.6	100	250	-1.994	148
74.7	100	250	-1.994	148
74.8	100	250	-1.994	148
74.9	100	250	-1.994	148
75	100	250	-1.994	148
75.1	100	250	-1.994	148
75.2	100	250	-1.994	148
75.3	100	250	-1.994	148
75.4	100	250	-1.994	148
75.5	100	250	-1.994	148
75.6	100	250	-1.994	148
75.7	100	250	-1.994	148
75.8	100	250	-1.994	148
75.9	100	250	-1.994	148
76	100	250	-1.994	148
76.1	100	250	-1.994	148
76.2	100	250	-1.994	148
76.3	100	250	-1.994	148
76.4	100	250	-1.994	148
76.5	100	250	-1.994	148
76.6	100	250	-1.994	148
76.7	100	250	-1.994	148
76.8	100	250	-1.994	148
76.9	100	250	-1.994	148
77	100	250	-1.994	148
77.1	100	250	-1.994	148
77.2	100	250	-1.994	148
77.3	100	250	-1.994	148
77.4	100	250	-1.994	148
77.5	100	250	-1.994	148
77.6	100	250	-1.994	148
77.7	100	250	-1.994	148
77.8	100	250	-1.994	148
77.9	100	250	-1.994	148
78	100	250	-1.994	148
78.1	100	250	-1.994	148
78.2	100	250	-1.994	148
78.3	100	250	-1.994	148
78.4	100	250	-1.994	148
78.5	100	250	-1.994	148
78.6	100	250	-1.994	148
78.7	100	250	-1.994	148
78.8	100	250	-1.994	148
78.9	100	250	-1.994	148
79	100	250	-1.994	148
79.1	100	250	-1.994	148
79.2	100	250	-1.994	148
79.3	100	250	-1.994	148
79.4	100	250	-1.994	148
79.5	100	250	-1.994	148
79.6	100	250	-1.994	148
79.7	100	250	-1.994	148
79.8	100	250	-1.994	148
79.9	100	250	-1.994	148
80	100	250	-1.994	148
80.1	100	250	-1.994	148
80.2	100	250	-1.994	148
80.3	100	250	-1.994	148
80.4	100	250	-1.994	148
80.5	100	250	-1.994	148
80.6	100	250	-1.994	148
80.7	100	250	-1.994	148
80.8	100	250	-1.994	148
80.9	100	250	-1.994	148
81	100	250	-1.994	148
81.1	100	250	-1.994	148
81.2	100	250	-1.994	148
81.3	100	250	-1.994	148
81.4	100	250	-1.994	148
81.5	100	250	-1.994	148
81.6	100	250	-1.994	148
81.7	100	250	-1.994	148
81.8	100	250	-1.994	148
81.9	100	250	-1.994	148
82	100	250	-1.994	148
82.1	100	250	-1.994	148
82.2	100	250	-1.994	148
82.3	100	250	-1.994	148
82.4	100	250	-1.994	148
82.5	100	250	-1.994	148
82.6	100	250	-1.994	148
82.7	100	250	-1.994	148
82.8	100	250	-1.994	148
82.9	100	250	-1.994	148
83	100	250	-1.994	148
83.1	100	250	-1.994	148
83.2	100	250	-1.994	148
83.3	100	250	-1.994	148
83.4	100	250	-1.994	148
83.5	100	250	-1.994	148
83.6	100	250	-1.994	148
83.7	100	250	-1.994	148
83.8	100	250	-1.994	148
83.9	100	250	-1.994	148
84	100	250	-1.994	148
84.1	100	250	-1.994	148
84.2	100	250	-1.994	148
84.3	100	250	-1.994	148
84.4	100	250	-1.994	148
84.5	100	250	-1.994	148
84.6	100	250	-1.994	148
84.7	100	250	-1.994	148
84.8	100	250	-1.994	148
84.9	100	250	-1.994	148
85	100	250	-1.994	148
85.1	100	250	-1.994	148
85.2	100	250	-1.994	148
85.3	100	250	-1.994	148
85.4	100	250	-1.994	148
85.5	100	250	-1.994	148
85.6	100	250	-1.994	148
85.7	100	250	-1.994	148
85.8	100	250	-1.994	148
85.9	100	250	-1.994	148
86	100	250	-1.994	148
86.1	100	250	-1.994	148
86.2	100	250	-1.994	148
86.3	100	250	-1.994	148
86.4	100	250	-1.994	148
86.5	100	250	-1.994	148
86.6	100	250	-1.994	148
86.7	100	250	-1.994	148
86.8	100	250	-1.994	148
86.9	100	250	-1.994	148
87	100	250	-1.994	148
87.1	100	250	-1.994	148
87.2	100	250	-1.994	148
87.3	100	250	-1.994	148
87.4	100	250	-1.994	148
87.5	100	250	-1.994	148
87.6	100	250	-1.994	148
87.7	100	250	-1.994	148
87.8	100	250	-1.994	148
87.9	100	250	-1.994	148
88	100	250	-1.994	148
88.1	100	250	-1.994	148
88.2	100	250	-1.994	148
88.3	100	250	-1.994	148
88.4	100	250	-1.994	148
88.5	100	250	-1.994	148
88.6	100	250	-1.994	148
88.7	100	250	-1.994	148
88.8	100	250	-1.994	148
88.9	100	250	-1.994	148
89	100	250	-1.994	148
89.1	100	250	-1.994	148
89.2	100	250	-1.994	148
89.3	100	250	-1.994	148
89.4	100	250	-1.994	148
89.5	100	250	-1.994	148
89.6	100	250	-1.994	148
89.7	100	250	-1.994	148
89.8	100	250	-1.994	148
89.9	100	250	-1.994	148
90	100	250	-1.994	148
